Workbook
Name Slicer_Diabetes_Status: #N/A
Name Slicer_Weight_Status: #N/A

Sheet Customer Names
A1: Customer ID | B1: name
A2: Id1 | B2: Hawks, Ms. Kelly
A3: Id2 | B3: Lehner, Mr. Matthew D
A4: Id3 | B4: Lu, Mr. Phil
A5: Id4 | B5: Osborne, Ms. Kelsey
A6: Id5 | B6: Kadala, Ms. Kristyn
A7: Id6 | B7: Baker, Mr. Russell B.
A8: Id7 | B8: Macpherson, Mr. Scott
A9: Id8 | B9: Hallman, Mr. Stephen
A10: Id9 | B10: Moran, Mr. Patrick R.
A11: Id10 | B11: Benner, Ms. Brooke N.
A12: Id11 | B12: Fierro Vargas, Ms. Paola Andrea
... A2336: Id2335 | B2336: German, Mr. Aaron K

Sheet Medical Examinations
A1: Customer ID | B1: BMI | C1: HBA1C | D1: Heart Issues | E1: Any Transplants | F1: Cancer history | G1: NumberOfMajorSurgeries | H1: smoker
A2: Id1 | B2: 47.41 | C2: 7.47 | D2: No | E2: No | F2: No | G2: No major surgery | H2: yes
A3: Id2 | B3: 30.36 | C3: 5.77 | D3: No | E3: No | F3: No | G3: No major surgery | H3: yes
A4: Id3 | B4: 34.485 | C4: 11.87 | D4: yes | E4: No | F4: No | G4: 2 | H4: yes
A5: Id4 | B5: 38.095 | C5: 6.05 | D5: No | E5: No | F5: No | G5: No major surgery | H5: yes
A6: Id5 | B6: 35.53 | C6: 5.45 | D6: No | E6: No | F6: No | G6: No major surgery | H6: yes
A7: Id6 | B7: 32.8 | C7: 6.59 | D7: No | E7: No | F7: No | G7: No major surgery | H7: yes
A8: Id7 | B8: 36.4 | C8: 6.07 | D8: No | E8: No | F8: No | G8: No major surgery | H8: yes
A9: Id8 | B9: 36.96 | C9: 7.93 | D9: No | E9: No | F9: No | G9: 3 | H9: yes
A10: Id9 | B10: 41.14 | C10: 9.58 | D10: yes | E10: No | F10: Yes | G10: 1 | H10: yes
A11: Id10 | B11: 38.06 | C11: 10.79 | D11: No | E11: No | F11: No | G11: No major surgery | H11: yes
A12: Id11 | B12: 37.7 | C12: 5.96 | D12: yes | E12: No | F12: No | G12: 2 | H12: yes
A13: Id12 | B13: 42.13 | C13: 11.9 | D13: No | E13: No | F13: No | G13: No major surgery | H13: yes
A14: Id13 | B14: 40.92 | C14: 8.41 | D14: No | E14: No | F14: No | G14: No major surgery | H14: yes
A15: Id14 | B15: 40.565 | C15: 7.02 | D15: No | E15: No | F15: No | G15: No major surgery | H15: yes
A16: Id15 | B16: 36.385 | C16: 7.59 | D16: yes | E16: No | F16: No | G16: 2 | H16: yes
A17: Id16 | B17: 39.9 | C17: 11.32 | D17: No | E17: No | F17: No | G17: No major surgery | H17: yes
A18: Id17 | B18: 33.8 | C18: 7.67 | D18: No | E18: No | F18: No | G18: 3 | H18: yes
A19: Id18 | B19: 36.765 | C19: 7.29 | D19: yes | E19: No | F19: Yes | G19: 1 | H19: yes
A20: Id19 | B20: 36.955 | C20: 4.72 | D20: yes | E20: No | F20: No | G20: 1 | H20: yes
A21: Id20 | B21: 42.9 | C21: 11.41 | D21: No | E21: No | F21: No | G21: No major surgery | H21: yes
A22: Id21 | B22: 36.3 | C22: 11.5 | D22: yes | E22: No | F22: No | G22: 2 | H22: yes
A23: Id22 | B23: 32.2 | C23: 6.22 | D23: yes | E23: No | F23: No | G23: 2 | H23: yes
A24: Id23 | B24: 31.3 | C24: 11.38 | D24: No | E24: No | F24: No | G24: 3 | H24: yes
A25: Id24 | B25: 41.8 | C25: 7.89 | D25: yes | E25: No | F25: No | G25: 2 | H25: yes
A26: Id25 | B26: 35.09 | C26: 4.38 | D26: yes | E26: No | F26: No | G26: 2 | H26: yes
A27: Id26 | B27: 33.88 | C27: 7.01 | D27: No | E27: No | F27: No | G27: 3 | H27: yes
A28: Id27 | B28: 30.875 | C28: 11.88 | D28: No | E28: No | F28: No | G28: No major surgery | H28: yes
A29: Id28 | B29: 36.86 | C29: 5.19 | D29: yes | E29: No | F29: Yes | G29: 1 | H29: yes
A30: Id29 | B30: 35.86 | C30: 6.74 | D30: yes | E30: No | F30: No | G30: 2 | H30: yes
A31: Id30 | B31: 37.05 | C31: 8.44 | D31: No | E31: No | F31: No | G31: No major surgery | H31: yes
A32: Id31 | B32: 43.89 | C32: 8.71 | D32: No | E32: No | F32: No | G32: No major surgery | H32: yes
A33: Id32 | B33: 42.35 | C33: 5.08 | D33: yes | E33: No | F33: No | G33: No major surgery | H33: yes
A34: Id33 | B34: 31.35 | C34: 6.86 | D34: No | E34: No | F34: No | G34: No major surgery | H34: yes
A35: Id34 | B35: 47.6 | C35: 5.95 | D35: yes | E35: No | F35: No | G35: No major surgery | H35: yes
A36: Id35 | B36: 46.2 | C36: 6.09 | D36: No | E36: No | F36: Yes | G36: 1 | H36: yes
A37: Id36 | B37: 32.015 | C37: 11.75 | D37: No | E37: No | F37: No | G37: No major surgery | H37: yes
A38: Id37 | B38: 40.565 | C38: 7.37 | D38: No | E38: No | F38: No | G38: No major surgery | H38: yes
A39: Id38 | B39: 32.45 | C39: 11.91 | D39: No | E39: No | F39: No | G39: No major surgery | H39: yes
A40: Id39 | B40: 34.96 | C40: 6.52 | D40: No | E40: No | F40: No | G40: No major surgery | H40: yes
A41: Id40 | B41: 35.5 | C41: 5.14 | D41: No | E41: No | F41: Yes | G41: 1 | H41: yes
A42: Id41 | B42: 52.58 | C42: 4.19 | D42: No | E42: yes | F42: No | G42: 1 | H42: yes
A43: Id42 | B43: 35.2 | C43: 11.68 | D43: yes | E43: No | F43: No | G43: No major surgery | H43: yes
A44: Id43 | B44: 38.06 | C44: 6.98 | D44: No | E44: No | F44: No | G44: No major surgery | H44: yes
A45: Id44 | B45: 34.21 | C45: 8.34 | D45: No | E45: No | F45: No | G45: No major surgery | H45: yes
A46: Id45 | B46: 38.94 | C46: 8.49 | D46: yes | E46: No | F46: No | G46: 1 | H46: yes
A47: Id46 | B47: 30.21 | C47: 5.34 | D47: yes | E47: No | F47: No | G47: 1 | H47: yes
A48: Id47 | B48: 33.63 | C48: 4.43 | D48: yes | E48: No | F48: No | G48: 2 | H48: yes
A49: Id48 | B49: 40.37 | C49: 4.47 | D49: No | E49: No | F49: No | G49: No major surgery | H49: yes
A50: Id49 | B50: 53.09 | C50: 4.82 | D50: yes | E50: No | F50: No | G50: 2 | H50: yes
A51: Id50 | B51: 31.79 | C51: 5.51 | D51: yes | E51: No | F51: No | G51: 2 | H51: yes
A52: Id51 | B52: 41.895 | C52: 10.87 | D52: yes | E52: No | F52: No | G52: 1 | H52: yes
A53: Id52 | B53: 31.16 | C53: 9.34 | D53: No | E53: No | F53: No | G53: No major surgery | H53: yes
A54: Id53 | B54: 34.105 | C54: 5.03 | D54: yes | E54: No | F54: Yes | G54: 1 | H54: yes
A55: Id54 | B55: 51.93 | C55: 11.05 | D55: No | E55: No | F55: No | G55: No major surgery | H55: yes
A56: Id55 | B56: 38.95 | C56: 11.95 | D56: No | E56: No | F56: No | G56: No major surgery | H56: yes
A57: Id56 | B57: 36.63 | C57: 7.72 | D57: yes | E57: No | F57: No | G57: 1 | H57: yes
A58: Id57 | B58: 34.2 | C58: 5.75 | D58: No | E58: No | F58: No | G58: 2 | H58: yes
A59: Id58 | B59: 50.63 | C59: 11.89 | D59: No | E59: No | F59: No | G59: No major surgery | H59: yes
A60: Id59 | B60: 36.48 | C60: 6.2 | D60: No | E60: No | F60: No | G60: No major surgery | H60: yes
A61: Id60 | B61: 54.82 | C61: 10.61 | D61: No | E61: No | F61: No | G61: No major surgery | H61: yes
A62: Id61 | B62: 38.06 | C62: 6.04 | D62: No | E62: No | F62: Yes | G62: 1 | H62: yes
A63: Id62 | B63: 51.48 | C63: 9.33 | D63: yes | E63: No | F63: No | G63: No major surgery | H63: yes
A64: Id63 | B64: 52.06 | C64: 11.47 | D64: No | E64: No | F64: No | G64: No major surgery | H64: yes
A65: Id64 | B65: 30.685 | C65: 7.02 | D65: yes | E65: No | F65: No | G65: No major surgery | H65: yes
A66: Id65 | B66: 36.08 | C66: 8.8 | D66: yes | E66: No | F66: No | G66: 1 | H66: yes
A67: Id66 | B67: 54.99 | C67: 8.68 | D67: No | E67: No | F67: No | G67: 2 | H67: yes
A68: Id67 | B68: 35.97 | C68: 6.12 | D68: No | E68: No | F68: Yes | G68: 1 | H68: yes
A69: Id68 | B69: 45.54 | C69: 5.4 | D69: yes | E69: No | F69: Yes | G69: 1 | H69: yes
A70: Id69 | B70: 35.53 | C70: 4.36 | D70: yes | E70: No | F70: No | G70: No major surgery | H70: yes
A71: Id70 | B71: 30.8 | C71: 9.77 | D71: No | E71: No | F71: No | G71: No major surgery | H71: yes
A72: Id71 | B72: 38.39 | C72: 4.25 | D72: No | E72: No | F72: No | G72: 1 | H72: yes
A73: Id72 | B73: 32.3 | C73: 4.76 | D73: No | E73: No | F73: No | G73: 2 | H73: yes
A74: Id73 | B74: 48.8 | C74: 6.22 | D74: yes | E74: No | F74: No | G74: 2 | H74: yes
A75: Id74 | B75: 45.5 | C75: 7.96 | D75: No | E75: No | F75: No | G75: No major surgery | H75: yes
A76: Id75 | B76: 53.61 | C76: 10.92 | D76: yes | E76: No | F76: No | G76: 1 | H76: yes
A77: Id76 | B77: 36.19 | C77: 11.51 | D77: yes | E77: No | F77: No | G77: 1 | H77: yes
A78: Id77 | B78: 34.6 | C78: 5.99 | D78: yes | E78: No | F78: No | G78: No major surgery | H78: yes
A79: Id78 | B79: 54.12 | C79: 11.57 | D79: No | E79: No | F79: No | G79: No major surgery | H79: yes
A80: Id79 | B80: 48.82 | C80: 6.67 | D80: yes | E80: No | F80: No | G80: No major surgery | H80: yes
A81: Id80 | B81: 51.01 | C81: 9.2 | D81: No | E81: No | F81: No | G81: No major surgery | H81: yes
A82: Id81 | B82: 45.65 | C82: 5.11 | D82: yes | E82: No | F82: No | G82: 1 | H82: yes
A83: Id82 | B83: 52.9 | C83: 5.34 | D83: No | E83: No | F83: No | G83: No major surgery | H83: yes
A84: Id83 | B84: 45.41 | C84: 4.03 | D84: yes | E84: No | F84: No | G84: 1 | H84: yes
A85: Id84 | B85: 49.41 | C85: 4.23 | D85: yes | E85: No | F85: Yes | G85: 1 | H85: yes
A86: Id85 | B86: 31.825 | C86: 4.06 | D86: No | E86: No | F86: No | G86: 2 | H86: yes
A87: Id86 | B87: 51.28 | C87: 4.68 | D87: No | E87: No | F87: No | G87: 2 | H87: yes
A88: Id87 | B88: 34.96 | C88: 4.34 | D88: No | E88: No | F88: Yes | G88: 1 | H88: yes
A89: Id88 | B89: 33.11 | C89: 10.51 | D89: No | E89: No | F89: No | G89: No major surgery | H89: yes
A90: Id89 | B90: 54.74 | C90: 5.84 | D90: yes | E90: No | F90: Yes | G90: 1 | H90: yes
A91: Id90 | B91: 32.56 | C91: 5.41 | D91: No | E91: No | F91: Yes | G91: 1 | H91: yes
A92: Id91 | B92: 39.05 | C92: 6.06 | D92: No | E92: No | F92: No | G92: 1 | H92: yes
A93: Id92 | B93: 42.75 | C93: 4.22 | D93: No | E93: No | F93: No | G93: No major surgery | H93: yes
A94: Id93 | B94: 50.58 | C94: 5.12 | D94: No | E94: No | F94: No | G94: 2 | H94: yes
A95: Id94 | B95: 30.495 | C95: 4.57 | D95: yes | E95: No | F95: No | G95: No major surgery | H95: yes
A96: Id95 | B96: 48.31 | C96: 9.58 | D96: yes | E96: No | F96: No | G96: 2 | H96: yes
A97: Id96 | B97: 48.99 | C97: 9.78 | D97: yes | E97: No | F97: No | G97: 1 | H97: yes
A98: Id97 | B98: 38.39 | C98: 4.11 | D98: yes | E98: No | F98: No | G98: No major surgery | H98: yes
A99: Id98 | B99: 44.34 | C99: 4.02 | D99: yes | E99: No | F99: No | G99: 2 | H99: yes
A100: Id99 | B100: 41.51 | C100: 6.92 | D100: No | E100: No | F100: No | G100: No major surgery | H100: yes
...

Sheet Hospitalisation Details
A1: Customer ID | B1: year | C1: month | D1: date | E1: children | F1: charges | G1: Hospital tier | H1: City tier | I1: State ID | J1: DATE OF BIRTH
A2: ? | B2: 2004 | C2: Nov | D2: 6 | E2: 0 | F2: 1137.01 | G2: tier - 3 | H2: tier - 1 | I2: R1013
A3: ? | B3: 1999 | C3: Jun | D3: 9 | E3: 1 | F3: 2775.19 | G3: tier - 2 | H3: tier - 1 | I3: R1012
A4: ? | B4: 1985 | C4: Dec | D4: 20 | E4: 2 | F4: 6203.9 | G4: tier - 1 | H4: tier - 2 | I4: R1012
A5: ? | B5: 2000 | C5: Oct | D5: 13 | E5: 0 | F5: 35585.58 | G5: tier - 1 | H5: tier - 2 | I5: R1011
A6: ? | B6: 1992 | C6: Oct | D6: 6 | E6: 0 | F6: 36837.47 | G6: tier - 1 | H6: tier - 2 | I6: R1011
A7: ? | B7: 1991 | C7: Nov | D7: 22 | E7: 2 | F7: 38711 | G7: tier - 1 | H7: tier - 3 | I7: R1011
A8: Id1 | B8: 1968 | C8: Oct | D8: 12 | E8: 0 | F8: 63770.43 | G8: tier - 1 | H8: tier - 3 | I8: R1013 | J8: =_xlfn.CONCAT(D8,"/",C8,"/",B8) -> 12/Oct/1968
A9: Id10 | B9: 1978 | C9: Dec | D9: 29 | E9: 0 | F9: 48885.14 | G9: tier - 1 | H9: tier - 2 | I9: R1013 | J9: =_xlfn.CONCAT(D9,"/",C9,"/",B9) -> 29/Dec/1978
A10: Id100 | B10: 1977 | C10: Jun | D10: 27 | E10: 2 | F10: 40284.38 | G10: tier - 1 | H10: tier - 3 | I10: R1012 | J10: =_xlfn.CONCAT(D10,"/",C10,"/",B10) -> 27/Jun/1977
A11: Id1000 | B11: 1989 | C11: Dec | D11: 17 | E11: 3 | F11: 11250.43 | G11: tier - 3 | H11: tier - 2 | I11: R1026 | J11: =_xlfn.CONCAT(D11,"/",C11,"/",B11) -> 17/Dec/1989
A12: Id1001 | B12: 1969 | C12: Dec | D12: 30 | E12: 2 | F12: 11244.38 | G12: tier - 3 | H12: tier - 1 | I12: R1016 | J12: =_xlfn.CONCAT(D12,"/",C12,"/",B12) -> 30/Dec/1969
A13: Id1002 | B13: 1976 | C13: Jun | D13: 28 | E13: 2 | F13: 11217.35 | G13: tier - 3 | H13: tier - 2 | I13: R1025 | J13: =_xlfn.CONCAT(D13,"/",C13,"/",B13) -> 28/Jun/1976
A14: Id1003 | B14: 1970 | C14: Jun | D14: 14 | E14: 2 | F14: 11187.66 | G14: tier - 3 | H14: tier - 2 | I14: R1012 | J14: =_xlfn.CONCAT(D14,"/",C14,"/",B14) -> 14/Jun/1970
A15: Id1004 | B15: 1972 | C15: Sep | D15: 3 | E15: 0 | F15: 11186.2 | G15: tier - 3 | H15: tier - 2 | I15: R1021 | J15: =_xlfn.CONCAT(D15,"/",C15,"/",B15) -> 3/Sep/1972
A16: Id1005 | B16: 1966 | C16: Aug | D16: 6 | E16: 0 | F16: 11165.42 | G16: tier - 3 | H16: tier - 1 | I16: R1016 | J16: =_xlfn.CONCAT(D16,"/",C16,"/",B16) -> 6/Aug/1966
A17: Id1006 | B17: 1969 | C17: Jun | D17: 25 | E17: 2 | F17: 11163.57 | G17: tier - 3 | H17: tier - 2 | I17: R1011 | J17: =_xlfn.CONCAT(D17,"/",C17,"/",B17) -> 25/Jun/1969
A18: Id1007 | B18: 1969 | C18: Nov | D18: 30 | E18: 2 | F18: 11150.78 | G18: tier - 3 | H18: tier - 2 | I18: R1011 | J18: =_xlfn.CONCAT(D18,"/",C18,"/",B18) -> 30/Nov/1969
A19: Id1008 | B19: 1980 | C19: Aug | D19: 20 | E19: 2 | F19: 11103.33 | G19: tier - 3 | H19: tier - 1 | I19: R1021 | J19: =_xlfn.CONCAT(D19,"/",C19,"/",B19) -> 20/Aug/1980
... A326: Id1285 | B326: 1975 | C326: Aug | D326: 6 | E326: 1 | F326: 8551.35 | G326: tier - 2 | H326: tier - 2 | I326: R1011 | J326: =_xlfn.CONCAT(D326,"/",C326,"/",B326) -> 6/Aug/1975
A327: Id1286 | B327: ? | C327: Dec | D327: 12 | E327: 1 | F327: 8547.69 | G327: tier - 2 | H327: tier - 1 | I327: R1013 | J327: =_xlfn.CONCAT(D327,"/",C327,"/",B327) -> 12/Dec/?
A328: Id1287 | B328: 1975 | C328: Nov | D328: 6 | E328: 1 | F328: 8539.67 | G328: tier - 2 | H328: tier - 3 | I328: R1011 | J328: =_xlfn.CONCAT(D328,"/",C328,"/",B328) -> 6/Nov/1975
A329: Id1288 | B329: 1981 | C329: Dec | D329: 27 | E329: 3 | F329: 8538.29 | G329: tier - 2 | H329: tier - 3 | I329: R1024 | J329: =_xlfn.CONCAT(D329,"/",C329,"/",B329) -> 27/Dec/1981
A330: Id1289 | B330: ? | C330: Jul | D330: 24 | E330: 0 | F330: 8534.67 | G330: tier - 2 | H330: tier - 3 | I330: R1024 | J330: =_xlfn.CONCAT(D330,"/",C330,"/",B330) -> 24/Jul/?
A331: Id129 | B331: 1985 | C331: Sep | D331: 20 | E331: 1 | F331: 39047.29 | G331: tier - 1 | H331: tier - 3 | I331: R1017 | J331: =_xlfn.CONCAT(D331,"/",C331,"/",B331) -> 20/Sep/1985
A332: Id1290 | B332: 1977 | C332: Jul | D332: 26 | E332: 2 | F332: 8527.53 | G332: tier - 2 | H332: tier - 2 | I332: R1013 | J332: =_xlfn.CONCAT(D332,"/",C332,"/",B332) -> 26/Jul/1977
A333: Id1291 | B333: 1979 | C333: Aug | D333: 13 | E333: 3 | F333: 8522 | G333: tier - 2 | H333: tier - 2 | I333: R1011 | J333: =_xlfn.CONCAT(D333,"/",C333,"/",B333) -> 13/Aug/1979
A334: Id1292 | B334: 1977 | C334: Dec | D334: 29 | E334: 2 | F334: 8520.03 | G334: tier - 2 | H334: tier - 3 | I334: R1011 | J334: =_xlfn.CONCAT(D334,"/",C334,"/",B334) -> 29/Dec/1977
A335: Id1293 | B335: 1977 | C335: Jun | D335: 21 | E335: 2 | F335: 8516.83 | G335: tier - 2 | H335: tier - 1 | I335: R1013 | J335: =_xlfn.CONCAT(D335,"/",C335,"/",B335) -> 21/Jun/1977
A336: Id1294 | B336: 1977 | C336: Dec | D336: 26 | E336: 2 | F336: 8515.76 | G336: tier - 2 | H336: tier - 2 | I336: R1013 | J336: =_xlfn.CONCAT(D336,"/",C336,"/",B336) -> 26/Dec/1977
A337: Id1295 | B337: 1993 | C337: Nov | D337: 10 | E337: 0 | F337: 8471.65 | G337: tier - 2 | H337: tier - 1 | I337: R1012 | J337: =_xlfn.CONCAT(D337,"/",C337,"/",B337) -> 10/Nov/1993
A338: Id1296 | B338: 1992 | C338: Sep | D338: 9 | E338: 0 | F338: 8466.35 | G338: tier - 2 | H338: tier - 2 | I338: R1012 | J338: =_xlfn.CONCAT(D338,"/",C338,"/",B338) -> 9/Sep/1992
A339: Id1297 | B339: 1972 | C339: Dec | D339: 26 | E339: 0 | F339: 8457.82 | G339: tier - 2 | H339: tier - 3 | I339: R1011 | J339: =_xlfn.CONCAT(D339,"/",C339,"/",B339) -> 26/Dec/1972
A340: Id1298 | B340: 1984 | C340: Jun | D340: 19 | E340: 3 | F340: 8450.82 | G340: tier - 2 | H340: tier - 2 | I340: R1025 | J340: =_xlfn.CONCAT(D340,"/",C340,"/",B340) -> 19/Jun/1984
A341: Id1299 | B341: 1966 | C341: Jun | D341: 12 | E341: 0 | F341: 8448.66 | G341: tier - 3 | H341: tier - 1 | I341: R1013 | J341: =_xlfn.CONCAT(D341,"/",C341,"/",B341) -> 12/Jun/1966
A342: Id13 | B342: 1962 | C342: Oct | D342: 11 | E342: 0 | F342: 48673.56 | G342: tier - 1 | H342: tier - 2 | I342: R1013 | J342: =_xlfn.CONCAT(D342,"/",C342,"/",B342) -> 11/Oct/1962
... A2344: Id999 | B2344: 1969 | C2344: Aug | D2344: 20 | E2344: 3 | F2344: 11253.42 | G2344: tier - 3 | H2344: tier - 1 | I2344: R1011 | J2344: =_xlfn.CONCAT(D2344,"/",C2344,"/",B2344) -> 20/Aug/1969

Sheet Data Cleaning 
A1: Customer ID | B1: year | C1: month | D1: date | E1: children | F1: charges | G1: Hospital tier | H1: City tier | I1: State ID | AB1: Customer ID | AC1: BMI | AD1: HBA1C | AE1: Heart Issues | AF1: Any Transplants | AG1: Cancer history | AH1: NumberOfMajorSurgeries | AI1: smoker | BD1: Customer ID | BE1: year | BF1: month | BG1: date | BH1: children | BI1: charges | BJ1: Hospital tier | BK1: City tier | BL1: State ID | CB1: smoker
A2: Id2335 | B2: 1992 | C2: Jul | D2: 9 | E2: 0 | F2: 563.84 | G2: tier - 2 | H2: tier - 3 | I2: R1013 | AB2: Id1 | AC2: 47.41 | AD2: 7.47 | AE2: No | AF2: No | AG2: No | AH2: No major surgery | AI2: yes | BD2: Id2335 | BE2: 1992 | BF2: Jul | BG2: 9 | BH2: 0 | BI2: 563.84 | BJ2: tier - 2 | BK2: tier - 3 | BL2: R1013 | CB2: yes
A3: Id2334 | B3: 1992 | C3: Nov | D3: 30 | E3: 0 | F3: 570.62 | G3: tier - 2 | H3: tier - 1 | I3: R1013 | AB3: Id2 | AC3: 30.36 | AD3: 5.77 | AE3: No | AF3: No | AG3: No | AH3: No major surgery | AI3: yes | BD3: Id2334 | BE3: 1992 | BF3: Nov | BG3: 30 | BH3: 0 | BI3: 570.62 | BJ3: tier - 2 | BK3: tier - 1 | BL3: R1013 | CB3: yes
A4: Id2333 | B4: 1993 | C4: Jun | D4: 30 | E4: 0 | F4: 600 | G4: tier - 2 | H4: tier - 1 | I4: R1013 | AB4: Id3 | AC4: 34.485 | AD4: 11.87 | AE4: yes | AF4: No | AG4: No | AH4: 2 | AI4: yes | BD4: Id2333 | BE4: 1993 | BF4: Jun | BG4: 30 | BH4: 0 | BI4: 600 | BJ4: tier - 2 | BK4: tier - 1 | BL4: R1013 | BN4: 2) Fill in the missing values of ‘month’ with Sep and ‘year’ with its average rounded to the nearest integer. | CB4: yes
A5: Id2332 | B5: 1992 | C5: Sep | D5: 13 | E5: 0 | F5: 604.54 | G5: tier - 3 | H5: tier - 3 | I5: R1013 | AB5: Id4 | AC5: 38.095 | AD5: 6.05 | AE5: No | AF5: No | AG5: No | AH5: No major surgery | AI5: yes | BD5: Id2332 | BE5: 1992 | BF5: Sep | BG5: 13 | BH5: 0 | BI5: 604.54 | BJ5: tier - 3 | BK5: tier - 3 | BL5: R1013 | CB5: yes
A6: Id2331 | B6: 1998 | C6: Jul | D6: 27 | E6: 0 | F6: 637.26 | G6: tier - 3 | H6: tier - 3 | I6: R1013 | L6: 1) Check for the number of missing values marked with '?' in each column of the “Medical Examinations” Table and "Hospitalization Details" Table. | AB6: Id5 | AC6: 35.53 | AD6: 5.45 | AE6: No | AF6: No | AG6: No | AH6: No major surgery | AI6: yes | AK6: 1) Check for the number of missing values marked with '?' in each column of the “Medical Examinations” Table and "Hospitalization Details" Table. | BD6: Id2331 | BE6: 1998 | BF6: Jul | BG6: 27 | BH6: 0 | BI6: 637.26 | BJ6: tier - 3 | BK6: tier - 3 | BL6: R1013 | CB6: yes
A7: Id2330 | B7: 2001 | C7: Nov | D7: 20 | E7: 0 | F7: 646.14 | G7: tier - 3 | H7: tier - 3 | I7: R1012 | AB7: Id6 | AC7: 32.8 | AD7: 6.59 | AE7: No | AF7: No | AG7: No | AH7: No major surgery | AI7: yes | BD7: Id2330 | BE7: 2001 | BF7: Nov | BG7: 20 | BH7: 0 | BI7: 646.14 | BJ7: tier - 3 | BK7: tier - 3 | BL7: R1012 | BN7: I REPLACED 3 MISSING VAUES | BR7: The average for missing values are 1975 &1979 | CB7: yes
A8: Id2329 | B8: 1993 | C8: Jun | D8: 1 | E8: 0 | F8: 650 | G8: tier - 3 | H8: tier - 3 | I8: R1013 | AB8: Id7 | AC8: 36.4 | AD8: 6.07 | AE8: No | AF8: No | AG8: No | AH8: No major surgery | AI8: yes | BD8: Id2329 | BE8: 1993 | BF8: Jun | BG8: 1 | BH8: 0 | BI8: 650 | BJ8: tier - 3 | BK8: tier - 3 | BL8: R1013 | CB8: yes
A9: Id2328 | B9: 1995 | C9: Jul | D9: 4 | E9: 0 | F9: 650 | G9: tier - 3 | H9: tier - 3 | I9: R1013 | AB9: Id8 | AC9: 36.96 | AD9: 7.93 | AE9: No | AF9: No | AG9: No | AH9: 3 | AI9: yes | BD9: Id2328 | BE9: 1995 | BF9: Jul | BG9: 4 | BH9: 0 | BI9: 650 | BJ9: tier - 3 | BK9: tier - 3 | BL9: R1013 | CB9: yes
A10: Id2327 | B10: 2002 | C10: Nov | D10: 29 | E10: 0 | F10: 668 | G10: tier - 3 | H10: tier - 2 | I10: R1012 | AB10: Id9 | AC10: 41.14 | AD10: 9.58 | AE10: yes | AF10: No | AG10: Yes | AH10: 1 | AI10: yes | BD10: Id2327 | BE10: 2002 | BF10: Nov | BG10: 29 | BH10: 0 | BI10: 668 | BJ10: tier - 3 | BK10: tier - 2 | BL10: R1012 | CB10: yes
A11: Id2326 | B11: 1997 | C11: Nov | D11: 9 | E11: 0 | F11: 670 | G11: tier - 3 | H11: tier - 3 | I11: R1013 | L11: =COUNTIF(A1:I2344,G13) -> 15 | AB11: Id10 | AC11: 38.06 | AD11: 10.79 | AE11: No | AF11: No | AG11: No | AH11: No major surgery | AI11: yes | AK11: =COUNTIF(AB1:AI2336,"?") -> 2 | AM11: TOTAL 2 VALUES FOUND ON MEDICAL EXAMINATION TABLE | BD11: Id2326 | BE11: 1997 | BF11: Nov | BG11: 9 | BH11: 0 | BI11: 670 | BJ11: tier - 3 | BK11: tier - 3 | BL11: R1013 | CB11: yes
A12: Id2325 | B12: 2001 | C12: Sep | D12: 12 | E12: 0 | F12: 687.54 | G12: tier - 3 | H12: tier - 2 | I12: R1013 | N12: TOTAL 15 VALUES FOUND ON HOSPITALISATION TABLE | AB12: Id11 | AC12: 37.7 | AD12: 5.96 | AE12: yes | AF12: No | AG12: No | AH12: 2 | AI12: yes | BD12: Id2325 | BE12: 2001 | BF12: Sep | BG12: 12 | BH12: 0 | BI12: 687.54 | BJ12: tier - 3 | BK12: tier - 2 | BL12: R1013 | CB12: yes
A13: Id2324 | B13: 1999 | C13: Dec | D13: 26 | E13: 0 | F13: 700 | G13: ? | H13: tier - 3 | I13: R1013 | AB13: Id12 | AC13: 42.13 | AD13: 11.9 | AE13: No | AF13: No | AG13: No | AH13: No major surgery | AI13: yes | BD13: Id2324 | BE13: 1999 | BF13: Dec | BG13: 26 | BH13: 0 | BI13: 700 | BJ13: TIER 2 | BK13: tier - 3 | BL13: R1013 | BN13: 3)Determine the most frequently occurring values in the ‘smoker’, 'Hospital tier' and 'City tier' columns, and fill in the missing values accordingly. | CB13: yes
A14: Id2323 | B14: 1999 | C14: Dec | D14: 14 | E14: 0 | F14: 722.99 | G14: tier - 3 | H14: tier - 1 | I14: R1013 | AB14: Id13 | AC14: 40.92 | AD14: 8.41 | AE14: No | AF14: No | AG14: No | AH14: No major surgery | AI14: yes | BD14: Id2323 | BE14: 1999 | BF14: Dec | BG14: 14 | BH14: 0 | BI14: 722.99 | BJ14: tier - 3 | BK14: tier - 1 | BL14: R1013 | CB14: yes
A15: Id2322 | B15: 2002 | C15: ? | D15: 19 | E15: 0 | F15: 750 | G15: tier - 3 | H15: tier - 1 | I15: R1012 | AB15: Id14 | AC15: 40.565 | AD15: 7.02 | AE15: No | AF15: No | AG15: No | AH15: No major surgery | AI15: yes | BD15: Id2322 | BE15: 2002 | BF15: SEP | BG15: 19 | BH15: 0 | BI15: 750 | BJ15: tier - 3 | BK15: tier - 1 | BL15: R1012 | CB15: yes
A16: Id2321 | B16: 1993 | C16: Aug | D16: 9 | E16: 0 | F16: 760 | G16: tier - 3 | H16: tier - 1 | I16: R1013 | AB16: Id15 | AC16: 36.385 | AD16: 7.59 | AE16: yes | AF16: No | AG16: No | AH16: 2 | AI16: yes | BD16: Id2321 | BE16: 1993 | BF16: Aug | BG16: 9 | BH16: 0 | BI16: 760 | BJ16: tier - 3 | BK16: tier - 1 | BL16: R1013 | CB16: yes
A17: Id2320 | B17: 1996 | C17: Oct | D17: 22 | E17: 0 | F17: 760 | G17: tier - 3 | H17: tier - 3 | I17: R1013 | M17: IN BOTH TABLES I FOUND 17 VALUES WITH "?" | AB17: Id16 | AC17: 39.9 | AD17: 11.32 | AE17: No | AF17: No | AG17: No | AH17: No major surgery | AI17: yes | BD17: Id2320 | BE17: 1996 | BF17: Oct | BG17: 22 | BH17: 0 | BI17: 760 | BJ17: tier - 3 | BK17: tier - 3 | BL17: R1013 | BM17: HOSPITAL TIER | BS17: City tier | BX17: SMOKER | CB17: yes
A18: Id2319 | B18: 1993 | C18: Jun | D18: 28 | E18: 0 | F18: 770 | G18: tier - 3 | H18: tier - 3 | I18: R1013 | AB18: Id17 | AC18: 33.8 | AD18: 7.67 | AE18: No | AF18: No | AG18: No | AH18: 3 | AI18: yes | BD18: Id2319 | BE18: 1993 | BF18: Jun | BG18: 28 | BH18: 0 | BI18: 770 | BJ18: tier - 3 | BK18: tier - 3 | BL18: R1013 | BN18: TIER 1 | BO18: =COUNTIF($BJ$2:$BJ$2344,BJ2344) -> 309 | BS18: TIER 1 | BT18: =COUNTIF($BK$2:$BK$2344,BK14) -> 734 | BX18: YES | BY18: =COUNTIF(CB2:CB2336,CB6) -> 488 | CB18: yes
A19: Id2318 | B19: 1996 | C19: ? | D19: 18 | E19: 0 | F19: 770.38 | G19: tier - 3 | H19: ? | I19: R1012 | AB19: Id18 | AC19: 36.765 | AD19: 7.29 | AE19: yes | AF19: No | AG19: Yes | AH19: 1 | AI19: yes | BD19: Id2318 | BE19: 1996 | BF19: SEP | BG19: 18 | BH19: 0 | BI19: 770.38 | BJ19: tier - 3 | BK19: TIER 2 | BL19: R1012 | BN19: TIER 2 | BO19: =COUNTIF($BJ$2:$BJ$2344,BJ2) -> 1339 | BS19: TIER 2 | BT19: =COUNTIF($BK$2:$BK$2344,BK10) -> 812 | BX19: NO | BY19: =COUNTIF(CB2:CB2336,CB2325) -> 1847 | CB19: yes
A20: Id2317 | B20: 1995 | C20: Dec | D20: 7 | E20: 0 | F20: 773.54 | G20: tier - 3 | H20: tier - 2 | I20: R1013 | AB20: Id19 | AC20: 36.955 | AD20: 4.72 | AE20: yes | AF20: No | AG20: No | AH20: 1 | AI20: yes | BD20: Id2317 | BE20: 1995 | BF20: Dec | BG20: 7 | BH20: 0 | BI20: 773.54 | BJ20: tier - 3 | BK20: tier - 2 | BL20: R1013 | BN20: TIER 3 | BO20: =COUNTIF($BJ$2:$BJ$2344,BJ12) -> 694 | BS20: TIER 3 | BT20: =COUNTIF($BK$2:$BK$2344,BK13) -> 796 | CB20: yes
A21: Id2316 | B21: 2004 | C21: Oct | D21: 7 | E21: 0 | F21: 830.52 | G21: tier - 3 | H21: tier - 2 | I21: R1011 | AB21: Id20 | AC21: 42.9 | AD21: 11.41 | AE21: No | AF21: No | AG21: No | AH21: No major surgery | AI21: yes | BD21: Id2316 | BE21: 2004 | BF21: Oct | BG21: 7 | BH21: 0 | BI21: 830.52 | BJ21: tier - 3 | BK21: tier - 2 | BL21: R1011 | CB21: yes
A22: Id2315 | B22: 2000 | C22: Nov | D22: 18 | E22: 0 | F22: 865.41 | G22: tier - 3 | H22: tier - 1 | I22: R1013 | AB22: Id21 | AC22: 36.3 | AD22: 11.5 | AE22: yes | AF22: No | AG22: No | AH22: 2 | AI22: yes | BD22: Id2315 | BE22: 2000 | BF22: Nov | BG22: 18 | BH22: 0 | BI22: 865.41 | BJ22: tier - 3 | BK22: tier - 1 | BL22: R1013 | BN22: HERE TIER 2 IS MOST REPEATED VALUE | BS22: HERE ALSO TIER 2 IS MOST REPEATED VALUE | BX22: HERE NO IS THE MOST REPEATED VALUE | CB22: yes
A23: Id2314 | B23: 1993 | C23: Nov | D23: 27 | E23: 0 | F23: 896.21 | G23: tier - 3 | H23: tier - 1 | I23: R1013 | AB23: Id22 | AC23: 32.2 | AD23: 6.22 | AE23: yes | AF23: No | AG23: No | AH23: 2 | AI23: yes | BD23: Id2314 | BE23: 1993 | BF23: Nov | BG23: 27 | BH23: 0 | BI23: 896.21 | BJ23: tier - 3 | BK23: tier - 1 | BL23: R1013 | CB23: yes
A24: Id2313 | B24: 1994 | C24: Oct | D24: 30 | E24: 0 | F24: 915.07 | G24: tier - 3 | H24: tier - 1 | I24: R1013 | AB24: Id23 | AC24: 31.3 | AD24: 11.38 | AE24: No | AF24: No | AG24: No | AH24: 3 | AI24: yes | BD24: Id2313 | BE24: 1994 | BF24: Oct | BG24: 30 | BH24: 0 | BI24: 915.07 | BJ24: tier - 3 | BK24: tier - 1 | BL24: R1013 | CB24: yes
A25: Id2312 | B25: 1995 | C25: Oct | D25: 28 | E25: 0 | F25: 928.59 | G25: tier - 3 | H25: tier - 1 | I25: R1013 | AB25: Id24 | AC25: 41.8 | AD25: 7.89 | AE25: yes | AF25: No | AG25: No | AH25: 2 | AI25: yes | BD25: Id2312 | BE25: 1995 | BF25: Oct | BG25: 28 | BH25: 0 | BI25: 928.59 | BJ25: tier - 3 | BK25: tier - 1 | BL25: R1013 | BN25: 4) If any 'State ID' values are missing, consider filling them with 'Unknown' or using another appropriate strategy. | CB25: yes
A26: Id2311 | B26: 2001 | C26: Aug | D26: 19 | E26: 0 | F26: 964.71 | G26: tier - 3 | H26: tier - 2 | I26: R1013 | AB26: Id25 | AC26: 35.09 | AD26: 4.38 | AE26: yes | AF26: No | AG26: No | AH26: 2 | AI26: yes | BD26: Id2311 | BE26: 2001 | BF26: Aug | BG26: 19 | BH26: 0 | BI26: 964.71 | BJ26: tier - 3 | BK26: tier - 2 | BL26: R1013 | CB26: yes
A27: Id2310 | B27: 1994 | C27: Nov | D27: 22 | E27: 0 | F27: 1006.65 | G27: tier - 3 | H27: tier - 2 | I27: R1013 | AB27: Id26 | AC27: 33.88 | AD27: 7.01 | AE27: No | AF27: No | AG27: No | AH27: 3 | AI27: yes | BD27: Id2310 | BE27: 1994 | BF27: Nov | BG27: 22 | BH27: 0 | BI27: 1006.65 | BJ27: tier - 3 | BK27: tier - 2 | BL27: R1013 | CB27: yes
A28: Id2309 | B28: 2000 | C28: Oct | D28: 9 | E28: 0 | F28: 1012 | G28: tier - 3 | H28: tier - 2 | I28: R1013 | AB28: Id27 | AC28: 30.875 | AD28: 11.88 | AE28: No | AF28: No | AG28: No | AH28: No major surgery | AI28: yes | BD28: Id2309 | BE28: 2000 | BF28: Oct | BG28: 9 | BH28: 0 | BI28: 1012 | BJ28: tier - 3 | BK28: tier - 2 | BL28: R1013 | BN28: I Found 2 missing values and I replaced with "UNKNOWN" successfully | CB28: yes
A29: Id2308 | B29: 1999 | C29: Aug | D29: 5 | E29: 0 | F29: 1019 | G29: tier - 3 | H29: tier - 2 | I29: R1013 | AB29: Id28 | AC29: 36.86 | AD29: 5.19 | AE29: yes | AF29: No | AG29: Yes | AH29: 1 | AI29: yes | BD29: Id2308 | BE29: 1999 | BF29: Aug | BG29: 5 | BH29: 0 | BI29: 1019 | BJ29: tier - 3 | BK29: tier - 2 | BL29: R1013 | CB29: yes
A30: Id2307 | B30: 1995 | C30: Oct | D30: 5 | E30: 0 | F30: 1033.74 | G30: tier - 3 | H30: tier - 1 | I30: R1013 | AB30: Id29 | AC30: 35.86 | AD30: 6.74 | AE30: yes | AF30: No | AG30: No | AH30: 2 | AI30: yes | BD30: Id2307 | BE30: 1995 | BF30: Oct | BG30: 5 | BH30: 0 | BI30: 1033.74 | BJ30: tier - 3 | BK30: tier - 1 | BL30: R1013 | CB30: yes
A31: Id2306 | B31: 1994 | C31: Nov | D31: 17 | E31: 0 | F31: 1044 | G31: tier - 3 | H31: tier - 2 | I31: R1013 | AB31: Id30 | AC31: 37.05 | AD31: 8.44 | AE31: No | AF31: No | AG31: No | AH31: No major surgery | AI31: yes | BD31: Id2306 | BE31: 1994 | BF31: Nov | BG31: 17 | BH31: 0 | BI31: 1044 | BJ31: tier - 3 | BK31: tier - 2 | BL31: R1013 | CB31: yes
A32: Id2305 | B32: 2002 | C32: Jul | D32: 20 | E32: 0 | F32: 1047 | G32: tier - 3 | H32: tier - 1 | I32: R1013 | AB32: Id31 | AC32: 43.89 | AD32: 8.71 | AE32: No | AF32: No | AG32: No | AH32: No major surgery | AI32: yes | BD32: Id2305 | BE32: 2002 | BF32: Jul | BG32: 20 | BH32: 0 | BI32: 1047 | BJ32: tier - 3 | BK32: tier - 1 | BL32: R1013 | CB32: yes
A33: Id2304 | B33: 2002 | C33: Jul | D33: 1 | E33: 0 | F33: 1049 | G33: tier - 3 | H33: tier - 2 | I33: R1012 | AB33: Id32 | AC33: 42.35 | AD33: 5.08 | AE33: yes | AF33: No | AG33: No | AH33: No major surgery | AI33: yes | BD33: Id2304 | BE33: 2002 | BF33: Jul | BG33: 1 | BH33: 0 | BI33: 1049 | BJ33: tier - 3 | BK33: tier - 2 | BL33: R1012 | CB33: yes
A34: Id2303 | B34: 1995 | C34: Jun | D34: 1 | E34: 0 | F34: 1056 | G34: tier - 3 | H34: tier - 2 | I34: R1013 | AB34: Id33 | AC34: 31.35 | AD34: 6.86 | AE34: No | AF34: No | AG34: No | AH34: No major surgery | AI34: yes | BD34: Id2303 | BE34: 1995 | BF34: Jun | BG34: 1 | BH34: 0 | BI34: 1056 | BJ34: tier - 3 | BK34: tier - 2 | BL34: R1013 | CB34: yes
A35: Id2302 | B35: 1993 | C35: Sep | D35: 28 | E35: 0 | F35: 1068 | G35: tier - 3 | H35: tier - 1 | I35: R1013 | AB35: Id34 | AC35: 47.6 | AD35: 5.95 | AE35: yes | AF35: No | AG35: No | AH35: No major surgery | AI35: yes | BD35: Id2302 | BE35: 1993 | BF35: Sep | BG35: 28 | BH35: 0 | BI35: 1068 | BJ35: tier - 3 | BK35: tier - 1 | BL35: R1013 | CB35: yes
A36: Id2301 | B36: 2004 | C36: Aug | D36: 24 | E36: 0 | F36: 1070 | G36: tier - 3 | H36: tier - 3 | I36: R1013 | AB36: Id35 | AC36: 46.2 | AD36: 6.09 | AE36: No | AF36: No | AG36: Yes | AH36: 1 | AI36: yes | BD36: Id2301 | BE36: 2004 | BF36: Aug | BG36: 24 | BH36: 0 | BI36: 1070 | BJ36: tier - 3 | BK36: tier - 3 | BL36: R1013 | CB36: yes
A37: Id2300 | B37: 1997 | C37: Aug | D37: 13 | E37: 0 | F37: 1071 | G37: tier - 3 | H37: tier - 3 | I37: R1013 | AB37: Id36 | AC37: 32.015 | AD37: 11.75 | AE37: No | AF37: No | AG37: No | AH37: No major surgery | AI37: yes | BD37: Id2300 | BE37: 1997 | BF37: Aug | BG37: 13 | BH37: 0 | BI37: 1071 | BJ37: tier - 3 | BK37: tier - 3 | BL37: R1013 | CB37: yes
A38: Id2299 | B38: 1998 | C38: Dec | D38: 26 | E38: 0 | F38: 1082 | G38: tier - 3 | H38: tier - 2 | I38: R1013 | AB38: Id37 | AC38: 40.565 | AD38: 7.37 | AE38: No | AF38: No | AG38: No | AH38: No major surgery | AI38: yes | BD38: Id2299 | BE38: 1998 | BF38: Dec | BG38: 26 | BH38: 0 | BI38: 1082 | BJ38: tier - 3 | BK38: tier - 2 | BL38: R1013 | CB38: yes
A39: Id2298 | B39: 2002 | C39: Aug | D39: 13 | E39: 0 | F39: 1086 | G39: tier - 3 | H39: tier - 3 | I39: R1013 | AB39: Id38 | AC39: 32.45 | AD39: 11.91 | AE39: No | AF39: No | AG39: No | AH39: No major surgery | AI39: yes | BD39: Id2298 | BE39: 2002 | BF39: Aug | BG39: 13 | BH39: 0 | BI39: 1086 | BJ39: tier - 3 | BK39: tier - 3 | BL39: R1013 | CB39: yes
A40: Id2297 | B40: 2004 | C40: Nov | D40: 12 | E40: 0 | F40: 1121.87 | G40: tier - 3 | H40: tier - 1 | I40: R1013 | AB40: Id39 | AC40: 34.96 | AD40: 6.52 | AE40: No | AF40: No | AG40: No | AH40: No major surgery | AI40: yes | BD40: Id2297 | BE40: 2004 | BF40: Nov | BG40: 12 | BH40: 0 | BI40: 1121.87 | BJ40: tier - 3 | BK40: tier - 1 | BL40: R1013 | CB40: yes
A41: Id2296 | B41: 2004 | C41: Jun | D41: 14 | E41: 0 | F41: 1131.51 | G41: tier - 3 | H41: tier - 1 | I41: R1013 | AB41: Id40 | AC41: 35.5 | AD41: 5.14 | AE41: No | AF41: No | AG41: Yes | AH41: 1 | AI41: yes | BD41: Id2296 | BE41: 2004 | BF41: Jun | BG41: 14 | BH41: 0 | BI41: 1131.51 | BJ41: tier - 3 | BK41: tier - 1 | BL41: R1013 | CB41: yes
A42: Id2295 | B42: 2002 | C42: Jul | D42: 19 | E42: 0 | F42: 1132 | G42: tier - 3 | H42: tier - 1 | I42: R1013 | AB42: Id41 | AC42: 52.58 | AD42: 4.19 | AE42: No | AF42: yes | AG42: No | AH42: 1 | AI42: yes | BD42: Id2295 | BE42: 2002 | BF42: Jul | BG42: 19 | BH42: 0 | BI42: 1132 | BJ42: tier - 3 | BK42: tier - 1 | BL42: R1013 | CB42: yes
A43: Id2294 | B43: 2004 | C43: Oct | D43: 6 | E43: 0 | F43: 1135 | G43: tier - 3 | H43: tier - 3 | I43: R1013 | AB43: Id42 | AC43: 35.2 | AD43: 11.68 | AE43: yes | AF43: No | AG43: No | AH43: No major surgery | AI43: yes | BD43: Id2294 | BE43: 2004 | BF43: Oct | BG43: 6 | BH43: 0 | BI43: 1135 | BJ43: tier - 3 | BK43: tier - 3 | BL43: R1013 | CB43: yes
A44: Id2293 | B44: 2004 | C44: Jun | D44: 11 | E44: 0 | F44: 1135.94 | G44: tier - 3 | H44: tier - 3 | I44: R1013 | AB44: Id43 | AC44: 38.06 | AD44: 6.98 | AE44: No | AF44: No | AG44: No | AH44: No major surgery | AI44: yes | BD44: Id2293 | BE44: 2004 | BF44: Jun | BG44: 11 | BH44: 0 | BI44: 1135.94 | BJ44: tier - 3 | BK44: tier - 3 | BL44: R1013 | CB44: yes
A45: Id2292 | B45: 2004 | C45: Nov | D45: 28 | E45: 0 | F45: 1136.4 | G45: tier - 3 | H45: tier - 3 | I45: R1013 | AB45: Id44 | AC45: 34.21 | AD45: 8.34 | AE45: No | AF45: No | AG45: No | AH45: No major surgery | AI45: yes | BD45: Id2292 | BE45: 2004 | BF45: Nov | BG45: 28 | BH45: 0 | BI45: 1136.4 | BJ45: tier - 3 | BK45: tier - 3 | BL45: R1013 | CB45: yes
A46: Id2291 | B46: 2002 | C46: Aug | D46: 11 | E46: 0 | F46: 1137 | G46: tier - 3 | H46: tier - 1 | I46: R1013 | AB46: Id45 | AC46: 38.94 | AD46: 8.49 | AE46: yes | AF46: No | AG46: No | AH46: 1 | AI46: yes | BD46: Id2291 | BE46: 2002 | BF46: Aug | BG46: 11 | BH46: 0 | BI46: 1137 | BJ46: tier - 3 | BK46: tier - 1 | BL46: R1013 | CB46: yes
A47: ? | B47: 2004 | C47: Nov | D47: 6 | E47: 0 | F47: 1137.01 | G47: tier - 3 | H47: tier - 1 | I47: R1013 | AB47: Id46 | AC47: 30.21 | AD47: 5.34 | AE47: yes | AF47: No | AG47: No | AH47: 1 | AI47: yes | BD47: ? | BE47: 2004 | BF47: Nov | BG47: 6 | BH47: 0 | BI47: 1137.01 | BJ47: tier - 3 | BK47: tier - 1 | BL47: R1013 | CB47: yes
A48: Id2290 | B48: 2004 | C48: Oct | D48: 15 | E48: 0 | F48: 1137.01 | G48: tier - 3 | H48: tier - 1 | I48: R1013 | AB48: Id47 | AC48: 33.63 | AD48: 4.43 | AE48: yes | AF48: No | AG48: No | AH48: 2 | AI48: yes | BD48: Id2290 | BE48: 2004 | BF48: Oct | BG48: 15 | BH48: 0 | BI48: 1137.01 | BJ48: tier - 3 | BK48: tier - 1 | BL48: R1013 | CB48: yes
A49: Id2289 | B49: 2004 | C49: Nov | D49: 27 | E49: 0 | F49: 1137.47 | G49: tier - 3 | H49: tier - 2 | I49: R1013 | AB49: Id48 | AC49: 40.37 | AD49: 4.47 | AE49: No | AF49: No | AG49: No | AH49: No major surgery | AI49: yes | BD49: Id2289 | BE49: 2004 | BF49: Nov | BG49: 27 | BH49: 0 | BI49: 1137.47 | BJ49: tier - 3 | BK49: tier - 2 | BL49: R1013 | CB49: yes
A50: Id2288 | B50: 2001 | C50: Oct | D50: 25 | E50: 0 | F50: 1141 | G50: tier - 3 | H50: tier - 1 | I50: R1013 | AB50: Id49 | AC50: 53.09 | AD50: 4.82 | AE50: yes | AF50: No | AG50: No | AH50: 2 | AI50: yes | BD50: Id2288 | BE50: 2001 | BF50: Oct | BG50: 25 | BH50: 0 | BI50: 1141 | BJ50: tier - 3 | BK50: tier - 1 | BL50: R1013 | CB50: yes
A51: Id2287 | B51: 2004 | C51: Sep | D51: 12 | E51: 0 | F51: 1141.45 | G51: tier - 3 | H51: tier - 3 | I51: R1013 | AB51: Id50 | AC51: 31.79 | AD51: 5.51 | AE51: yes | AF51: No | AG51: No | AH51: 2 | AI51: yes | BD51: Id2287 | BE51: 2004 | BF51: Sep | BG51: 12 | BH51: 0 | BI51: 1141.45 | BJ51: tier - 3 | BK51: tier - 3 | BL51: R1013 | CB51: yes
A52: Id2286 | B52: 2002 | C52: Oct | D52: 1 | E52: 0 | F52: 1142 | G52: tier - 3 | H52: tier - 2 | I52: R1011 | AB52: Id51 | AC52: 41.895 | AD52: 10.87 | AE52: yes | AF52: No | AG52: No | AH52: 1 | AI52: yes | BD52: Id2286 | BE52: 2002 | BF52: Oct | BG52: 1 | BH52: 0 | BI52: 1142 | BJ52: tier - 3 | BK52: tier - 2 | BL52: R1011 | CB52: yes
A53: Id2285 | B53: 2004 | C53: Jun | D53: 10 | E53: 0 | F53: 1146.8 | G53: tier - 2 | H53: tier - 2 | I53: R1013 | AB53: Id52 | AC53: 31.16 | AD53: 9.34 | AE53: No | AF53: No | AG53: No | AH53: No major surgery | AI53: yes | BD53: Id2285 | BE53: 2004 | BF53: Jun | BG53: 10 | BH53: 0 | BI53: 1146.8 | BJ53: tier - 2 | BK53: tier - 2 | BL53: R1013 | CB53: yes
A54: Id2284 | B54: 2003 | C54: Jun | D54: 12 | E54: 0 | F54: 1149 | G54: tier - 2 | H54: tier - 1 | I54: R1012 | AB54: Id53 | AC54: 34.105 | AD54: 5.03 | AE54: yes | AF54: No | AG54: Yes | AH54: 1 | AI54: yes | BD54: Id2284 | BE54: 2003 | BF54: Jun | BG54: 12 | BH54: 0 | BI54: 1149 | BJ54: tier - 2 | BK54: tier - 1 | BL54: R1012 | CB54: yes
A55: Id2283 | B55: 2004 | C55: Jul | D55: 18 | E55: 0 | F55: 1149.4 | G55: tier - 2 | H55: tier - 2 | I55: R1013 | AB55: Id54 | AC55: 51.93 | AD55: 11.05 | AE55: No | AF55: No | AG55: No | AH55: No major surgery | AI55: yes | BD55: Id2283 | BE55: 2004 | BF55: Jul | BG55: 18 | BH55: 0 | BI55: 1149.4 | BJ55: tier - 2 | BK55: tier - 2 | BL55: R1013 | CB55: yes
A56: Id2282 | B56: 1994 | C56: Jul | D56: 26 | E56: 0 | F56: 1158.32 | G56: tier - 2 | H56: tier - 1 | I56: R1013 | AB56: Id55 | AC56: 38.95 | AD56: 11.95 | AE56: No | AF56: No | AG56: No | AH56: No major surgery | AI56: yes | BD56: Id2282 | BE56: 1994 | BF56: Jul | BG56: 26 | BH56: 0 | BI56: 1158.32 | BJ56: tier - 2 | BK56: tier - 1 | BL56: R1013 | CB56: yes
A57: Id2281 | B57: 2004 | C57: Nov | D57: 11 | E57: 0 | F57: 1163.46 | G57: tier - 2 | H57: tier - 3 | I57: R1013 | AB57: Id56 | AC57: 36.63 | AD57: 7.72 | AE57: yes | AF57: No | AG57: No | AH57: 1 | AI57: yes | BD57: Id2281 | BE57: 2004 | BF57: Nov | BG57: 11 | BH57: 0 | BI57: 1163.46 | BJ57: tier - 2 | BK57: tier - 3 | BL57: R1013 | CB57: yes
A58: Id2280 | B58: 2002 | C58: Jun | D58: 11 | E58: 0 | F58: 1165 | G58: tier - 2 | H58: tier - 3 | I58: R1012 | AB58: Id57 | AC58: 34.2 | AD58: 5.75 | AE58: No | AF58: No | AG58: No | AH58: 2 | AI58: yes | BD58: Id2280 | BE58: 2002 | BF58: Jun | BG58: 11 | BH58: 0 | BI58: 1165 | BJ58: tier - 2 | BK58: tier - 3 | BL58: R1012 | CB58: yes
A59: Id2279 | B59: 2001 | C59: Nov | D59: 12 | E59: 0 | F59: 1167 | G59: tier - 2 | H59: tier - 1 | I59: R1013 | AB59: Id58 | AC59: 50.63 | AD59: 11.89 | AE59: No | AF59: No | AG59: No | AH59: No major surgery | AI59: yes | BD59: Id2279 | BE59: 2001 | BF59: Nov | BG59: 12 | BH59: 0 | BI59: 1167 | BJ59: tier - 2 | BK59: tier - 1 | BL59: R1013 | CB59: yes
A60: Id2278 | B60: 1996 | C60: Aug | D60: 11 | E60: 0 | F60: 1178 | G60: tier - 2 | H60: tier - 3 | I60: R1013 | AB60: Id59 | AC60: 36.48 | AD60: 6.2 | AE60: No | AF60: No | AG60: No | AH60: No major surgery | AI60: yes | BD60: Id2278 | BE60: 1996 | BF60: Aug | BG60: 11 | BH60: 0 | BI60: 1178 | BJ60: tier - 2 | BK60: tier - 3 | BL60: R1013 | CB60: yes
A61: Id2277 | B61: 1997 | C61: Jun | D61: 28 | E61: 0 | F61: 1178.07 | G61: tier - 2 | H61: tier - 2 | I61: R1013 | AB61: Id60 | AC61: 54.82 | AD61: 10.61 | AE61: No | AF61: No | AG61: No | AH61: No major surgery | AI61: yes | BD61: Id2277 | BE61: 1997 | BF61: Jun | BG61: 28 | BH61: 0 | BI61: 1178.07 | BJ61: tier - 2 | BK61: tier - 2 | BL61: R1013 | CB61: yes
A62: Id2276 | B62: 2002 | C62: Aug | D62: 26 | E62: 0 | F62: 1191 | G62: tier - 2 | H62: tier - 1 | I62: R1013 | AB62: Id61 | AC62: 38.06 | AD62: 6.04 | AE62: No | AF62: No | AG62: Yes | AH62: 1 | AI62: yes | BD62: Id2276 | BE62: 2002 | BF62: Aug | BG62: 26 | BH62: 0 | BI62: 1191 | BJ62: tier - 2 | BK62: tier - 1 | BL62: R1013 | CB62: yes
A63: Id2275 | B63: 1999 | C63: Jun | D63: 28 | E63: 0 | F63: 1200 | G63: tier - 2 | H63: tier - 3 | I63: R1012 | AB63: Id62 | AC63: 51.48 | AD63: 9.33 | AE63: yes | AF63: No | AG63: No | AH63: No major surgery | AI63: yes | BD63: Id2275 | BE63: 1999 | BF63: Jun | BG63: 28 | BH63: 0 | BI63: 1200 | BJ63: tier - 2 | BK63: tier - 3 | BL63: R1012 | CB63: yes
A64: Id2274 | B64: 1992 | C64: Oct | D64: 6 | E64: 0 | F64: 1200.55 | G64: tier - 2 | H64: tier - 3 | I64: R1013 | AB64: Id63 | AC64: 52.06 | AD64: 11.47 | AE64: No | AF64: No | AG64: No | AH64: No major surgery | AI64: yes | BD64: Id2274 | BE64: 1992 | BF64: Oct | BG64: 6 | BH64: 0 | BI64: 1200.55 | BJ64: tier - 2 | BK64: tier - 3 | BL64: R1013 | CB64: yes
A65: Id2273 | B65: 2004 | C65: Jun | D65: 2 | E65: 0 | F65: 1210 | G65: tier - 2 | H65: tier - 1 | I65: R1013 | AB65: Id64 | AC65: 30.685 | AD65: 7.02 | AE65: yes | AF65: No | AG65: No | AH65: No major surgery | AI65: yes | BD65: Id2273 | BE65: 2004 | BF65: Jun | BG65: 2 | BH65: 0 | BI65: 1210 | BJ65: tier - 2 | BK65: tier - 1 | BL65: R1013 | CB65: yes
A66: Id2272 | B66: 1996 | C66: Nov | D66: 4 | E66: 0 | F66: 1220 | G66: tier - 2 | H66: tier - 3 | I66: R1012 | AB66: Id65 | AC66: 36.08 | AD66: 8.8 | AE66: yes | AF66: No | AG66: No | AH66: 1 | AI66: yes | BD66: Id2272 | BE66: 1996 | BF66: Nov | BG66: 4 | BH66: 0 | BI66: 1220 | BJ66: tier - 2 | BK66: tier - 3 | BL66: R1012 | CB66: yes
A67: Id2271 | B67: 2004 | C67: Jul | D67: 9 | E67: 0 | F67: 1224 | G67: tier - 2 | H67: tier - 1 | I67: R1013 | AB67: Id66 | AC67: 54.99 | AD67: 8.68 | AE67: No | AF67: No | AG67: No | AH67: 2 | AI67: yes | BD67: Id2271 | BE67: 2004 | BF67: Jul | BG67: 9 | BH67: 0 | BI67: 1224 | BJ67: tier - 2 | BK67: tier - 1 | BL67: R1013 | CB67: yes
A68: Id2270 | B68: 2004 | C68: Oct | D68: 16 | E68: 0 | F68: 1228 | G68: tier - 2 | H68: tier - 1 | I68: R1012 | AB68: Id67 | AC68: 35.97 | AD68: 6.12 | AE68: No | AF68: No | AG68: Yes | AH68: 1 | AI68: yes | BD68: Id2270 | BE68: 2004 | BF68: Oct | BG68: 16 | BH68: 0 | BI68: 1228 | BJ68: tier - 2 | BK68: tier - 1 | BL68: R1012 | CB68: yes
A69: Id2269 | B69: 1998 | C69: Jul | D69: 13 | E69: 0 | F69: 1234 | G69: tier - 2 | H69: tier - 1 | I69: R1013 | AB69: Id68 | AC69: 45.54 | AD69: 5.4 | AE69: yes | AF69: No | AG69: Yes | AH69: 1 | AI69: yes | BD69: Id2269 | BE69: 1998 | BF69: Jul | BG69: 13 | BH69: 0 | BI69: 1234 | BJ69: tier - 2 | BK69: tier - 1 | BL69: R1013 | CB69: yes
A70: Id2268 | B70: 2002 | C70: Dec | D70: 12 | E70: 0 | F70: 1237 | G70: tier - 2 | H70: tier - 2 | I70: R1013 | AB70: Id69 | AC70: 35.53 | AD70: 4.36 | AE70: yes | AF70: No | AG70: No | AH70: No major surgery | AI70: yes | BD70: Id2268 | BE70: 2002 | BF70: Dec | BG70: 12 | BH70: 0 | BI70: 1237 | BJ70: tier - 2 | BK70: tier - 2 | BL70: R1013 | CB70: yes
A71: Id2267 | B71: 1998 | C71: Oct | D71: 11 | E71: 0 | F71: 1240 | G71: tier - 2 | H71: tier - 1 | I71: R1012 | AB71: Id70 | AC71: 30.8 | AD71: 9.77 | AE71: No | AF71: No | AG71: No | AH71: No major surgery | AI71: yes | BD71: Id2267 | BE71: 1998 | BF71: Oct | BG71: 11 | BH71: 0 | BI71: 1240 | BJ71: tier - 2 | BK71: tier - 1 | BL71: R1012 | CB71: yes
A72: Id2266 | B72: 2002 | C72: Jul | D72: 1 | E72: 0 | F72: 1241 | G72: tier - 2 | H72: tier - 2 | I72: R1013 | AB72: Id71 | AC72: 38.39 | AD72: 4.25 | AE72: No | AF72: No | AG72: No | AH72: 1 | AI72: yes | BD72: Id2266 | BE72: 2002 | BF72: Jul | BG72: 1 | BH72: 0 | BI72: 1241 | BJ72: tier - 2 | BK72: tier - 2 | BL72: R1013 | CB72: yes
A73: Id2265 | B73: 2003 | C73: Aug | D73: 2 | E73: 0 | F73: 1241.57 | G73: tier - 2 | H73: tier - 2 | I73: R1011 | AB73: Id72 | AC73: 32.3 | AD73: 4.76 | AE73: No | AF73: No | AG73: No | AH73: 2 | AI73: yes | BD73: Id2265 | BE73: 2003 | BF73: Aug | BG73: 2 | BH73: 0 | BI73: 1241.57 | BJ73: tier - 2 | BK73: tier - 2 | BL73: R1011 | CB73: yes
A74: Id2264 | B74: 2003 | C74: Sep | D74: 15 | E74: 0 | F74: 1242.26 | G74: tier - 2 | H74: tier - 1 | I74: R1011 | AB74: Id73 | AC74: 48.8 | AD74: 6.22 | AE74: yes | AF74: No | AG74: No | AH74: 2 | AI74: yes | BD74: Id2264 | BE74: 2003 | BF74: Sep | BG74: 15 | BH74: 0 | BI74: 1242.26 | BJ74: tier - 2 | BK74: tier - 1 | BL74: R1011 | CB74: yes
A75: Id2263 | B75: 2003 | C75: Sep | D75: 8 | E75: 0 | F75: 1242.82 | G75: tier - 2 | H75: tier - 1 | I75: R1011 | AB75: Id74 | AC75: 45.5 | AD75: 7.96 | AE75: No | AF75: No | AG75: No | AH75: No major surgery | AI75: yes | BD75: Id2263 | BE75: 2003 | BF75: Sep | BG75: 8 | BH75: 0 | BI75: 1242.82 | BJ75: tier - 2 | BK75: tier - 1 | BL75: R1011 | CB75: yes
A76: Id2262 | B76: 2003 | C76: Sep | D76: 15 | E76: 0 | F76: 1252.41 | G76: tier - 2 | H76: tier - 3 | I76: R1011 | AB76: Id75 | AC76: 53.61 | AD76: 10.92 | AE76: yes | AF76: No | AG76: No | AH76: 1 | AI76: yes | BD76: Id2262 | BE76: 2003 | BF76: Sep | BG76: 15 | BH76: 0 | BI76: 1252.41 | BJ76: tier - 2 | BK76: tier - 3 | BL76: R1011 | CB76: yes
A77: Id2261 | B77: 1997 | C77: Nov | D77: 4 | E77: 0 | F77: 1253 | G77: tier - 2 | H77: tier - 2 | I77: R1013 | AB77: Id76 | AC77: 36.19 | AD77: 11.51 | AE77: yes | AF77: No | AG77: No | AH77: 1 | AI77: yes | BD77: Id2261 | BE77: 1997 | BF77: Nov | BG77: 4 | BH77: 0 | BI77: 1253 | BJ77: tier - 2 | BK77: tier - 2 | BL77: R1013 | CB77: yes
A78: Id2260 | B78: 2003 | C78: Dec | D78: 10 | E78: 0 | F78: 1253.94 | G78: tier - 2 | H78: tier - 2 | I78: R1011 | AB78: Id77 | AC78: 34.6 | AD78: 5.99 | AE78: yes | AF78: No | AG78: No | AH78: No major surgery | AI78: yes | BD78: Id2260 | BE78: 2003 | BF78: Dec | BG78: 10 | BH78: 0 | BI78: 1253.94 | BJ78: tier - 2 | BK78: tier - 2 | BL78: R1011 | CB78: yes
A79: Id2259 | B79: 2003 | C79: Oct | D79: 13 | E79: 0 | F79: 1256.3 | G79: tier - 2 | H79: tier - 3 | I79: R1011 | AB79: Id78 | AC79: 54.12 | AD79: 11.57 | AE79: No | AF79: No | AG79: No | AH79: No major surgery | AI79: yes | BD79: Id2259 | BE79: 2003 | BF79: Oct | BG79: 13 | BH79: 0 | BI79: 1256.3 | BJ79: tier - 2 | BK79: tier - 3 | BL79: R1011 | CB79: yes
A80: Id2258 | B80: 2003 | C80: Oct | D80: 30 | E80: 0 | F80: 1261.44 | G80: tier - 2 | H80: tier - 3 | I80: R1011 | AB80: Id79 | AC80: 48.82 | AD80: 6.67 | AE80: yes | AF80: No | AG80: No | AH80: No major surgery | AI80: yes | BD80: Id2258 | BE80: 2003 | BF80: Oct | BG80: 30 | BH80: 0 | BI80: 1261.44 | BJ80: tier - 2 | BK80: tier - 3 | BL80: R1011 | CB80: yes
A81: Id2257 | B81: 2003 | C81: Aug | D81: 15 | E81: 0 | F81: 1261.86 | G81: tier - 2 | H81: tier - 3 | I81: R1011 | AB81: Id80 | AC81: 51.01 | AD81: 9.2 | AE81: No | AF81: No | AG81: No | AH81: No major surgery | AI81: yes | BD81: Id2257 | BE81: 2003 | BF81: Aug | BG81: 15 | BH81: 0 | BI81: 1261.86 | BJ81: tier - 2 | BK81: tier - 3 | BL81: R1011 | CB81: yes
A82: Id2256 | B82: 2003 | C82: Nov | D82: 21 | E82: 0 | F82: 1263.25 | G82: tier - 2 | H82: tier - 3 | I82: R1011 | AB82: Id81 | AC82: 45.65 | AD82: 5.11 | AE82: yes | AF82: No | AG82: No | AH82: 1 | AI82: yes | BD82: Id2256 | BE82: 2003 | BF82: Nov | BG82: 21 | BH82: 0 | BI82: 1263.25 | BJ82: tier - 2 | BK82: tier - 3 | BL82: R1011 | CB82: yes
A83: Id2255 | B83: 2002 | C83: Dec | D83: 4 | E83: 0 | F83: 1267 | G83: tier - 2 | H83: tier - 1 | I83: R1013 | AB83: Id82 | AC83: 52.9 | AD83: 5.34 | AE83: No | AF83: No | AG83: No | AH83: No major surgery | AI83: yes | BD83: Id2255 | BE83: 2002 | BF83: Dec | BG83: 4 | BH83: 0 | BI83: 1267 | BJ83: tier - 2 | BK83: tier - 1 | BL83: R1013 | CB83: yes
A84: Id2254 | B84: 1997 | C84: Oct | D84: 26 | E84: 0 | F84: 1276 | G84: tier - 2 | H84: tier - 2 | I84: R1012 | AB84: Id83 | AC84: 45.41 | AD84: 4.03 | AE84: yes | AF84: No | AG84: No | AH84: 1 | AI84: yes | BD84: Id2254 | BE84: 1997 | BF84: Oct | BG84: 26 | BH84: 0 | BI84: 1276 | BJ84: tier - 2 | BK84: tier - 2 | BL84: R1012 | CB84: yes
A85: Id2253 | B85: 2004 | C85: Sep | D85: 30 | E85: 0 | F85: 1283 | G85: tier - 2 | H85: tier - 1 | I85: R1013 | AB85: Id84 | AC85: 49.41 | AD85: 4.23 | AE85: yes | AF85: No | AG85: Yes | AH85: 1 | AI85: yes | BD85: Id2253 | BE85: 2004 | BF85: Sep | BG85: 30 | BH85: 0 | BI85: 1283 | BJ85: tier - 2 | BK85: tier - 1 | BL85: R1013 | CB85: yes
A86: Id2252 | B86: 2004 | C86: Jul | D86: 28 | E86: 0 | F86: 1285 | G86: tier - 2 | H86: tier - 3 | I86: R1013 | AB86: Id85 | AC86: 31.825 | AD86: 4.06 | AE86: No | AF86: No | AG86: No | AH86: 2 | AI86: yes | BD86: Id2252 | BE86: 2004 | BF86: Jul | BG86: 28 | BH86: 0 | BI86: 1285 | BJ86: tier - 2 | BK86: tier - 3 | BL86: R1013 | CB86: yes
A87: Id2251 | B87: 2000 | C87: Jun | D87: 26 | E87: 0 | F87: 1286 | G87: tier - 2 | H87: tier - 2 | I87: R1013 | AB87: Id86 | AC87: 51.28 | AD87: 4.68 | AE87: No | AF87: No | AG87: No | AH87: 2 | AI87: yes | BD87: Id2251 | BE87: 2000 | BF87: Jun | BG87: 26 | BH87: 0 | BI87: 1286 | BJ87: tier - 2 | BK87: tier - 2 | BL87: R1013 | CB87: yes
A88: Id2250 | B88: 1998 | C88: Jun | D88: 4 | E88: 0 | F88: 1290.93 | G88: tier - 2 | H88: tier - 2 | I88: R1013 | AB88: Id87 | AC88: 34.96 | AD88: 4.34 | AE88: No | AF88: No | AG88: Yes | AH88: 1 | AI88: yes | BD88: Id2250 | BE88: 1998 | BF88: Jun | BG88: 4 | BH88: 0 | BI88: 1290.93 | BJ88: tier - 2 | BK88: tier - 2 | BL88: R1013 | CB88: yes
A89: Id2249 | B89: 2001 | C89: Nov | D89: 29 | E89: 0 | F89: 1293 | G89: tier - 2 | H89: tier - 3 | I89: R1012 | AB89: Id88 | AC89: 33.11 | AD89: 10.51 | AE89: No | AF89: No | AG89: No | AH89: No major surgery | AI89: yes | BD89: Id2249 | BE89: 2001 | BF89: Nov | BG89: 29 | BH89: 0 | BI89: 1293 | BJ89: tier - 2 | BK89: tier - 3 | BL89: R1012 | CB89: yes
A90: Id2248 | B90: 2002 | C90: Dec | D90: 10 | E90: 0 | F90: 1304 | G90: tier - 2 | H90: tier - 2 | I90: R1012 | AB90: Id89 | AC90: 54.74 | AD90: 5.84 | AE90: yes | AF90: No | AG90: Yes | AH90: 1 | AI90: yes | BD90: Id2248 | BE90: 2002 | BF90: Dec | BG90: 10 | BH90: 0 | BI90: 1304 | BJ90: tier - 2 | BK90: tier - 2 | BL90: R1012 | CB90: yes
A91: Id2247 | B91: 1999 | C91: Dec | D91: 2 | E91: 0 | F91: 1304 | G91: tier - 2 | H91: tier - 2 | I91: R1013 | AB91: Id90 | AC91: 32.56 | AD91: 5.41 | AE91: No | AF91: No | AG91: Yes | AH91: 1 | AI91: yes | BD91: Id2247 | BE91: 1999 | BF91: Dec | BG91: 2 | BH91: 0 | BI91: 1304 | BJ91: tier - 2 | BK91: tier - 2 | BL91: R1013 | CB91: yes
A92: Id2246 | B92: 2002 | C92: Oct | D92: 13 | E92: 0 | F92: 1315 | G92: tier - 2 | H92: tier - 2 | I92: R1013 | AB92: Id91 | AC92: 39.05 | AD92: 6.06 | AE92: No | AF92: No | AG92: No | AH92: 1 | AI92: yes | BD92: Id2246 | BE92: 2002 | BF92: Oct | BG92: 13 | BH92: 0 | BI92: 1315 | BJ92: tier - 2 | BK92: tier - 2 | BL92: R1013 | CB92: yes
A93: Id2245 | B93: 1999 | C93: Oct | D93: 14 | E93: 0 | F93: 1329.17 | G93: tier - 2 | H93: tier - 3 | I93: R1013 | AB93: Id92 | AC93: 42.75 | AD93: 4.22 | AE93: No | AF93: No | AG93: No | AH93: No major surgery | AI93: yes | BD93: Id2245 | BE93: 1999 | BF93: Oct | BG93: 14 | BH93: 0 | BI93: 1329.17 | BJ93: tier - 2 | BK93: tier - 3 | BL93: R1013 | CB93: yes
A94: Id2244 | B94: 1998 | C94: Jul | D94: 12 | E94: 0 | F94: 1332.61 | G94: tier - 2 | H94: tier - 3 | I94: R1013 | AB94: Id93 | AC94: 50.58 | AD94: 5.12 | AE94: No | AF94: No | AG94: No | AH94: 2 | AI94: yes | BD94: Id2244 | BE94: 1998 | BF94: Jul | BG94: 12 | BH94: 0 | BI94: 1332.61 | BJ94: tier - 2 | BK94: tier - 3 | BL94: R1013 | CB94: yes
A95: Id2243 | B95: 1995 | C95: Jul | D95: 30 | E95: 0 | F95: 1338 | G95: tier - 2 | H95: tier - 3 | I95: R1012 | AB95: Id94 | AC95: 30.495 | AD95: 4.57 | AE95: yes | AF95: No | AG95: No | AH95: No major surgery | AI95: yes | BD95: Id2243 | BE95: 1995 | BF95: Jul | BG95: 30 | BH95: 0 | BI95: 1338 | BJ95: tier - 2 | BK95: tier - 3 | BL95: R1012 | CB95: yes
A96: Id2242 | B96: 1997 | C96: Nov | D96: 7 | E96: 0 | F96: 1341.16 | G96: tier - 2 | H96: tier - 2 | I96: R1012 | AB96: Id95 | AC96: 48.31 | AD96: 9.58 | AE96: yes | AF96: No | AG96: No | AH96: 2 | AI96: yes | BD96: Id2242 | BE96: 1997 | BF96: Nov | BG96: 7 | BH96: 0 | BI96: 1341.16 | BJ96: tier - 2 | BK96: tier - 2 | BL96: R1012 | CB96: yes
A97: Id2241 | B97: 1998 | C97: Dec | D97: 3 | E97: 0 | F97: 1359 | G97: tier - 2 | H97: tier - 1 | I97: R1013 | AB97: Id96 | AC97: 48.99 | AD97: 9.78 | AE97: yes | AF97: No | AG97: No | AH97: 1 | AI97: yes | BD97: Id2241 | BE97: 1998 | BF97: Dec | BG97: 3 | BH97: 0 | BI97: 1359 | BJ97: tier - 2 | BK97: tier - 1 | BL97: R1013 | CB97: yes
A98: Id2240 | B98: 2002 | C98: Aug | D98: 15 | E98: 0 | F98: 1382 | G98: tier - 2 | H98: tier - 1 | I98: R1013 | AB98: Id97 | AC98: 38.39 | AD98: 4.11 | AE98: yes | AF98: No | AG98: No | AH98: No major surgery | AI98: yes | BD98: Id2240 | BE98: 2002 | BF98: Aug | BG98: 15 | BH98: 0 | BI98: 1382 | BJ98: tier - 2 | BK98: tier - 1 | BL98: R1013 | CB98: yes
A99: Id2239 | B99: 1999 | C99: Jul | D99: 6 | E99: 0 | F99: 1389 | G99: tier - 2 | H99: tier - 2 | I99: R1013 | AB99: Id98 | AC99: 44.34 | AD99: 4.02 | AE99: yes | AF99: No | AG99: No | AH99: 2 | AI99: yes | BD99: Id2239 | BE99: 1999 | BF99: Jul | BG99: 6 | BH99: 0 | BI99: 1389 | BJ99: tier - 2 | BK99: tier - 2 | BL99: R1013 | CB99: yes
A100: Id2238 | B100: 2002 | C100: Nov | D100: 14 | E100: 0 | F100: 1390 | G100: tier - 2 | H100: tier - 2 | I100: R1013 | AB100: Id99 | AC100: 41.51 | AD100: 6.92 | AE100: No | AF100: No | AG100: No | AH100: No major surgery | AI100: yes | BD100: Id2238 | BE100: 2002 | BF100: Nov | BG100: 14 | BH100: 0 | BI100: 1390 | BJ100: tier - 2 | BK100: tier - 2 | BL100: R1013 | CB100: yes
...

Sheet Data Transformation
A1: Customer ID | B1: TITLE | C1: FIRST NAME | D1: LAST NAME | T1: Customer ID | U1: BMI | V1: HBA1C | W1: Heart Issues | X1: Any Transplants | Y1: Cancer history | Z1: NumberOfMajorSurgeries | AA1: smoker | AV1: Customer ID | AW1: BMI | AX1: HBA1C | AY1: Heart Issues | AZ1: Any Transplants | BA1: Cancer history | BB1: NumberOfMajorSurgeries | BC1: smoker | BR1: BMI | BS1: Weight Status | BV1: HBA1C | BW1: Diabetes Status | CJ1: Customer ID | CK1: year | CL1: month | CM1: date | CN1: children | CO1: charges | CP1: Hospital tier | CQ1: City tier | CR1: State ID | CW1: Date of Birth | CZ1: Customer ID | DA1: year | DB1: month | DC1: date | DD1: children | DE1: charges | DF1: Hospital tier | DG1: City tier | DH1: State ID | DZ1: Customer ID | EA1: AGE
A2: Id1 | B2: Ms. | C2: Hawks | D2: Kelly | T2: Id1 | U2: 47.41 | V2: 7.47 | W2: No | X2: No | Y2: No | Z2: 0 | AA2: yes | AV2: Id1 | AW2: 47.41 | AX2: 7.47 | AY2: No | AZ2: No | BA2: No | BB2: No major surgery | BC2: yes | BE2: 3) Check for inconsistencies in the 'Heart Issues' and 'smoker' columns and propose corrective actions if necessary. | BR2: 47.41 | BS2: {=_xlfn.IFS(BR2<18.5,"UNDER WEIGHT",BR2<=24.9,"NORMAL WEIGHT",BR2<=29.9,"OVER WEIGHT",BR2>=30,"OBESITY")} -> OBESITY | BV2: 7.47 | BW2: {=_xlfn.IFS(BV2<=5.7,"NORMAL",BV2<=6.4,"Prediabetes",BV2>=6.5,"Diabetes")} -> Diabetes | CJ2: Id2335 | CK2: 1992 | CL2: Jul | CM2: 9 | CN2: 0 | CO2: 563.84 | CP2: tier - 2 | CQ2: tier - 3 | CR2: R1013 | CS2: 6) Merge ‘year’, ‘month’ and ‘date’ columns in the “Hospitalization Details” Table into one column named ‘Date of Birth’ and format it in ‘DD-MMM-YYYY’ custom format. | CW2: =_xlfn.CONCAT(CM2,"/",CL2,"/",CK2) -> 9/Jul/1992 | CZ2: Id2335 | DA2: 1992 | DB2: Jul | DC2: 9 | DD2: 0 | DE2: 563.84 | DF2: tier - 2 | DG2: tier - 3 | DH2: R1013 | DJ2: 8) Format ‘charges’ column as currency ($). | DZ2: Id2335 | EA2: =YEAR(DATE(2023,6,8))-YEAR(CW2) -> 31
A3: Id2 | B3: Mr. | C3: Lehner | D3: Matthew D | F3: 1) Split the ‘names’ column in the “Customer Names” Table into 3 meaningful columns: ‘Title’, ‘First Name’, and ‘Last Name’. | T3: Id2 | U3: 30.36 | V3: 5.77 | W3: No | X3: No | Y3: No | Z3: 0 | AA3: yes | AC3: 2) Convert the "NumberOfMajorSurgeries" column in the “Medical Examinations” Table to numerical data by replacing non-numeric characters with meaningful numerical values. | AV3: Id2 | AW3: 30.36 | AX3: 5.77 | AY3: No | AZ3: No | BA3: No | BB3: No major surgery | BC3: yes | BR3: 30.36 | BS3: {=_xlfn.IFS(BR3<18.5,"UNDER WEIGHT",BR3<=24.9,"NORMAL WEIGHT",BR3<=29.9,"OVER WEIGHT",BR3>=30,"OBESITY")} -> OBESITY | BV3: 5.77 | BW3: {=_xlfn.IFS(BV3<=5.7,"NORMAL",BV3<=6.4,"Prediabetes",BV3>=6.5,"Diabetes")} -> Prediabetes | BY3: 5) Create a new column named “Diabetes Status” and fill it as per the information given below: | CJ3: Id2334 | CK3: 1992 | CL3: Nov | CM3: 30 | CN3: 0 | CO3: 570.62 | CP3: tier - 2 | CQ3: tier - 1 | CR3: R1013 | CW3: =_xlfn.CONCAT(CM3,"/",CL3,"/",CK3) -> 30/Nov/1992 | CZ3: Id2334 | DA3: 1992 | DB3: Nov | DC3: 30 | DD3: 0 | DE3: 570.62 | DF3: tier - 2 | DG3: tier - 1 | DH3: R1013 | DN3: 7) Calculate the ‘Age’ of each customer based on their ‘Date of Birth’ and the date of collection of the dataset, which is 8thJune 2023. | DZ3: Id2334 | EA3: =YEAR(DATE(2023,6,8))-YEAR(CW3) -> 31
A4: Id3 | B4: Mr. | C4: Lu | D4: Phil | T4: Id3 | U4: 34.485 | V4: 11.87 | W4: yes | X4: No | Y4: No | Z4: 2 | AA4: yes | AV4: Id3 | AW4: 34.485 | AX4: 11.87 | AY4: yes | AZ4: No | BA4: No | BB4: 2 | BC4: yes | BR4: 34.485 | BS4: {=_xlfn.IFS(BR4<18.5,"UNDER WEIGHT",BR4<=24.9,"NORMAL WEIGHT",BR4<=29.9,"OVER WEIGHT",BR4>=30,"OBESITY")} -> OBESITY | BV4: 11.87 | BW4: {=_xlfn.IFS(BV4<=5.7,"NORMAL",BV4<=6.4,"Prediabetes",BV4>=6.5,"Diabetes")} -> Diabetes | CJ4: Id2333 | CK4: 1993 | CL4: Jun | CM4: 30 | CN4: 0 | CO4: 600 | CP4: tier - 2 | CQ4: tier - 1 | CR4: R1013 | CW4: =_xlfn.CONCAT(CM4,"/",CL4,"/",CK4) -> 30/Jun/1993 | CZ4: Id2333 | DA4: 1993 | DB4: Jun | DC4: 30 | DD4: 0 | DE4: 600 | DF4: tier - 2 | DG4: tier - 1 | DH4: R1013 | DZ4: Id2333 | EA4: =YEAR(DATE(2023,6,8))-YEAR(CW4) -> 30
A5: Id4 | B5: Ms. | C5: Osborne | D5: Kelsey | T5: Id4 | U5: 38.095 | V5: 6.05 | W5: No | X5: No | Y5: No | Z5: 0 | AA5: yes | AV5: Id4 | AW5: 38.095 | AX5: 6.05 | AY5: No | AZ5: No | BA5: No | BB5: No major surgery | BC5: yes | BE5: Here I don’t Found any inconsistencies in "Heart issues" column But I Found 2 inconsistencies in smoker column and i replace with that most repeated value | BR5: 38.095 | BS5: {=_xlfn.IFS(BR5<18.5,"UNDER WEIGHT",BR5<=24.9,"NORMAL WEIGHT",BR5<=29.9,"OVER WEIGHT",BR5>=30,"OBESITY")} -> OBESITY | BV5: 6.05 | BW5: {=_xlfn.IFS(BV5<=5.7,"NORMAL",BV5<=6.4,"Prediabetes",BV5>=6.5,"Diabetes")} -> Prediabetes | CJ5: Id2332 | CK5: 1992 | CL5: Sep | CM5: 13 | CN5: 0 | CO5: 604.54 | CP5: tier - 3 | CQ5: tier - 3 | CR5: R1013 | CW5: =_xlfn.CONCAT(CM5,"/",CL5,"/",CK5) -> 13/Sep/1992 | CZ5: Id2332 | DA5: 1992 | DB5: Sep | DC5: 13 | DD5: 0 | DE5: 604.54 | DF5: tier - 3 | DG5: tier - 3 | DH5: R1013 | DZ5: Id2332 | EA5: =YEAR(DATE(2023,6,8))-YEAR(CW5) -> 31
A6: Id5 | B6: Ms. | C6: Kadala | D6: Kristyn | F6: I splited the columns | T6: Id5 | U6: 35.53 | V6: 5.45 | W6: No | X6: No | Y6: No | Z6: 0 | AA6: yes | AV6: Id5 | AW6: 35.53 | AX6: 5.45 | AY6: No | AZ6: No | BA6: No | BB6: No major surgery | BC6: yes | BR6: 35.53 | BS6: {=_xlfn.IFS(BR6<18.5,"UNDER WEIGHT",BR6<=24.9,"NORMAL WEIGHT",BR6<=29.9,"OVER WEIGHT",BR6>=30,"OBESITY")} -> OBESITY | BV6: 5.45 | BW6: {=_xlfn.IFS(BV6<=5.7,"NORMAL",BV6<=6.4,"Prediabetes",BV6>=6.5,"Diabetes")} -> NORMAL | CJ6: Id2331 | CK6: 1998 | CL6: Jul | CM6: 27 | CN6: 0 | CO6: 637.26 | CP6: tier - 3 | CQ6: tier - 3 | CR6: R1013 | CW6: =_xlfn.CONCAT(CM6,"/",CL6,"/",CK6) -> 27/Jul/1998 | CZ6: Id2331 | DA6: 1998 | DB6: Jul | DC6: 27 | DD6: 0 | DE6: 637.26 | DF6: tier - 3 | DG6: tier - 3 | DH6: R1013 | DZ6: Id2331 | EA6: =YEAR(DATE(2023,6,8))-YEAR(CW6) -> 25
A7: Id6 | B7: Mr. | C7: Baker | D7: Russell B. | T7: Id6 | U7: 32.8 | V7: 6.59 | W7: No | X7: No | Y7: No | Z7: 0 | AA7: yes | AE7: here I converted "No Major Surgery " to "0" | AV7: Id6 | AW7: 32.8 | AX7: 6.59 | AY7: No | AZ7: No | BA7: No | BB7: No major surgery | BC7: yes | BR7: 32.8 | BS7: {=_xlfn.IFS(BR7<18.5,"UNDER WEIGHT",BR7<=24.9,"NORMAL WEIGHT",BR7<=29.9,"OVER WEIGHT",BR7>=30,"OBESITY")} -> OBESITY | BV7: 6.59 | BW7: {=_xlfn.IFS(BV7<=5.7,"NORMAL",BV7<=6.4,"Prediabetes",BV7>=6.5,"Diabetes")} -> Diabetes | BY7: Here I created a Table "Diabetes Status" | CJ7: Id2330 | CK7: 2001 | CL7: Nov | CM7: 20 | CN7: 0 | CO7: 646.14 | CP7: tier - 3 | CQ7: tier - 3 | CR7: R1012 | CW7: =_xlfn.CONCAT(CM7,"/",CL7,"/",CK7) -> 20/Nov/2001 | CZ7: Id2330 | DA7: 2001 | DB7: Nov | DC7: 20 | DD7: 0 | DE7: 646.14 | DF7: tier - 3 | DG7: tier - 3 | DH7: R1012 | DZ7: Id2330 | EA7: =YEAR(DATE(2023,6,8))-YEAR(CW7) -> 22
A8: Id7 | B8: Mr. | C8: Macpherson | D8: Scott | T8: Id7 | U8: 36.4 | V8: 6.07 | W8: No | X8: No | Y8: No | Z8: 0 | AA8: yes | AV8: Id7 | AW8: 36.4 | AX8: 6.07 | AY8: No | AZ8: No | BA8: No | BB8: No major surgery | BC8: yes | BR8: 36.4 | BS8: {=_xlfn.IFS(BR8<18.5,"UNDER WEIGHT",BR8<=24.9,"NORMAL WEIGHT",BR8<=29.9,"OVER WEIGHT",BR8>=30,"OBESITY")} -> OBESITY | BV8: 6.07 | BW8: {=_xlfn.IFS(BV8<=5.7,"NORMAL",BV8<=6.4,"Prediabetes",BV8>=6.5,"Diabetes")} -> Prediabetes | CJ8: Id2329 | CK8: 1993 | CL8: Jun | CM8: 1 | CN8: 0 | CO8: 650 | CP8: tier - 3 | CQ8: tier - 3 | CR8: R1013 | CW8: =_xlfn.CONCAT(CM8,"/",CL8,"/",CK8) -> 1/Jun/1993 | CZ8: Id2329 | DA8: 1993 | DB8: Jun | DC8: 1 | DD8: 0 | DE8: 650 | DF8: tier - 3 | DG8: tier - 3 | DH8: R1013 | DO8: HERE I CALCULATED THE AGE BASED ON THEIR DATE OF BIRTH | DZ8: Id2329 | EA8: =YEAR(DATE(2023,6,8))-YEAR(CW8) -> 30
A9: Id8 | B9: Mr. | C9: Hallman | D9: Stephen | T9: Id8 | U9: 36.96 | V9: 7.93 | W9: No | X9: No | Y9: No | Z9: 3 | AA9: yes | AV9: Id8 | AW9: 36.96 | AX9: 7.93 | AY9: No | AZ9: No | BA9: No | BB9: 3 | BC9: yes | BR9: 36.96 | BS9: {=_xlfn.IFS(BR9<18.5,"UNDER WEIGHT",BR9<=24.9,"NORMAL WEIGHT",BR9<=29.9,"OVER WEIGHT",BR9>=30,"OBESITY")} -> OBESITY | BV9: 7.93 | BW9: {=_xlfn.IFS(BV9<=5.7,"NORMAL",BV9<=6.4,"Prediabetes",BV9>=6.5,"Diabetes")} -> Diabetes | CJ9: Id2328 | CK9: 1995 | CL9: Jul | CM9: 4 | CN9: 0 | CO9: 650 | CP9: tier - 3 | CQ9: tier - 3 | CR9: R1013 | CW9: =_xlfn.CONCAT(CM9,"/",CL9,"/",CK9) -> 4/Jul/1995 | CZ9: Id2328 | DA9: 1995 | DB9: Jul | DC9: 4 | DD9: 0 | DE9: 650 | DF9: tier - 3 | DG9: tier - 3 | DH9: R1013 | DZ9: Id2328 | EA9: =YEAR(DATE(2023,6,8))-YEAR(CW9) -> 28
A10: Id9 | B10: Mr. | C10: Moran | D10: Patrick R. | T10: Id9 | U10: 41.14 | V10: 9.58 | W10: yes | X10: No | Y10: Yes | Z10: 1 | AA10: yes | AV10: Id9 | AW10: 41.14 | AX10: 9.58 | AY10: yes | AZ10: No | BA10: Yes | BB10: 1 | BC10: yes | BE10: 4) Create a new column named “Weight Status” that categorizes BMI into different categories as below: | BR10: 41.14 | BS10: {=_xlfn.IFS(BR10<18.5,"UNDER WEIGHT",BR10<=24.9,"NORMAL WEIGHT",BR10<=29.9,"OVER WEIGHT",BR10>=30,"OBESITY")} -> OBESITY | BV10: 9.58 | BW10: {=_xlfn.IFS(BV10<=5.7,"NORMAL",BV10<=6.4,"Prediabetes",BV10>=6.5,"Diabetes")} -> Diabetes | CJ10: Id2327 | CK10: 2002 | CL10: Nov | CM10: 29 | CN10: 0 | CO10: 668 | CP10: tier - 3 | CQ10: tier - 2 | CR10: R1012 | CW10: =_xlfn.CONCAT(CM10,"/",CL10,"/",CK10) -> 29/Nov/2002 | CZ10: Id2327 | DA10: 2002 | DB10: Nov | DC10: 29 | DD10: 0 | DE10: 668 | DF10: tier - 3 | DG10: tier - 2 | DH10: R1012 | DZ10: Id2327 | EA10: =YEAR(DATE(2023,6,8))-YEAR(CW10) -> 21
A11: Id10 | B11: Ms. | C11: Benner | D11: Brooke N. | T11: Id10 | U11: 38.06 | V11: 10.79 | W11: No | X11: No | Y11: No | Z11: 0 | AA11: yes | AV11: Id10 | AW11: 38.06 | AX11: 10.79 | AY11: No | AZ11: No | BA11: No | BB11: No major surgery | BC11: yes | BR11: 38.06 | BS11: {=_xlfn.IFS(BR11<18.5,"UNDER WEIGHT",BR11<=24.9,"NORMAL WEIGHT",BR11<=29.9,"OVER WEIGHT",BR11>=30,"OBESITY")} -> OBESITY | BV11: 10.79 | BW11: {=_xlfn.IFS(BV11<=5.7,"NORMAL",BV11<=6.4,"Prediabetes",BV11>=6.5,"Diabetes")} -> Diabetes | CJ11: Id2326 | CK11: 1997 | CL11: Nov | CM11: 9 | CN11: 0 | CO11: 670 | CP11: tier - 3 | CQ11: tier - 3 | CR11: R1013 | CW11: =_xlfn.CONCAT(CM11,"/",CL11,"/",CK11) -> 9/Nov/1997 | CZ11: Id2326 | DA11: 1997 | DB11: Nov | DC11: 9 | DD11: 0 | DE11: 670 | DF11: tier - 3 | DG11: tier - 3 | DH11: R1013 | DZ11: Id2326 | EA11: =YEAR(DATE(2023,6,8))-YEAR(CW11) -> 26
A12: Id11 | B12: Ms. | C12: Fierro Vargas | D12: Paola Andrea | T12: Id11 | U12: 37.7 | V12: 5.96 | W12: yes | X12: No | Y12: No | Z12: 2 | AA12: yes | AV12: Id11 | AW12: 37.7 | AX12: 5.96 | AY12: yes | AZ12: No | BA12: No | BB12: 2 | BC12: yes | BR12: 37.7 | BS12: {=_xlfn.IFS(BR12<18.5,"UNDER WEIGHT",BR12<=24.9,"NORMAL WEIGHT",BR12<=29.9,"OVER WEIGHT",BR12>=30,"OBESITY")} -> OBESITY | BV12: 5.96 | BW12: {=_xlfn.IFS(BV12<=5.7,"NORMAL",BV12<=6.4,"Prediabetes",BV12>=6.5,"Diabetes")} -> Prediabetes | CJ12: Id2325 | CK12: 2001 | CL12: Sep | CM12: 12 | CN12: 0 | CO12: 687.54 | CP12: tier - 3 | CQ12: tier - 2 | CR12: R1013 | CW12: =_xlfn.CONCAT(CM12,"/",CL12,"/",CK12) -> 12/Sep/2001 | CZ12: Id2325 | DA12: 2001 | DB12: Sep | DC12: 12 | DD12: 0 | DE12: 687.54 | DF12: tier - 3 | DG12: tier - 2 | DH12: R1013 | DZ12: Id2325 | EA12: =YEAR(DATE(2023,6,8))-YEAR(CW12) -> 22
A13: Id12 | B13: Mr. | C13: Franz | D13: David | T13: Id12 | U13: 42.13 | V13: 11.9 | W13: No | X13: No | Y13: No | Z13: 0 | AA13: yes | AV13: Id12 | AW13: 42.13 | AX13: 11.9 | AY13: No | AZ13: No | BA13: No | BB13: No major surgery | BC13: yes | BE13: Here I created new Column "Weight Status" using ifs function | BR13: 42.13 | BS13: {=_xlfn.IFS(BR13<18.5,"UNDER WEIGHT",BR13<=24.9,"NORMAL WEIGHT",BR13<=29.9,"OVER WEIGHT",BR13>=30,"OBESITY")} -> OBESITY | BV13: 11.9 | BW13: {=_xlfn.IFS(BV13<=5.7,"NORMAL",BV13<=6.4,"Prediabetes",BV13>=6.5,"Diabetes")} -> Diabetes | CJ13: Id2324 | CK13: 1999 | CL13: Dec | CM13: 26 | CN13: 0 | CO13: 700 | CP13: tier - 2 | CQ13: tier - 3 | CR13: R1013 | CW13: =_xlfn.CONCAT(CM13,"/",CL13,"/",CK13) -> 26/Dec/1999 | CZ13: Id2324 | DA13: 1999 | DB13: Dec | DC13: 26 | DD13: 0 | DE13: 700 | DF13: tier - 2 | DG13: tier - 3 | DH13: R1013 | DZ13: Id2324 | EA13: =YEAR(DATE(2023,6,8))-YEAR(CW13) -> 24
A14: Id13 | B14: Mr. | C14: Foster | D14: Wade | T14: Id13 | U14: 40.92 | V14: 8.41 | W14: No | X14: No | Y14: No | Z14: 0 | AA14: yes | AV14: Id13 | AW14: 40.92 | AX14: 8.41 | AY14: No | AZ14: No | BA14: No | BB14: No major surgery | BC14: yes | BR14: 40.92 | BS14: {=_xlfn.IFS(BR14<18.5,"UNDER WEIGHT",BR14<=24.9,"NORMAL WEIGHT",BR14<=29.9,"OVER WEIGHT",BR14>=30,"OBESITY")} -> OBESITY | BV14: 8.41 | BW14: {=_xlfn.IFS(BV14<=5.7,"NORMAL",BV14<=6.4,"Prediabetes",BV14>=6.5,"Diabetes")} -> Diabetes | CJ14: Id2323 | CK14: 1999 | CL14: Dec | CM14: 14 | CN14: 0 | CO14: 722.99 | CP14: tier - 3 | CQ14: tier - 1 | CR14: R1013 | CW14: =_xlfn.CONCAT(CM14,"/",CL14,"/",CK14) -> 14/Dec/1999 | CZ14: Id2323 | DA14: 1999 | DB14: Dec | DC14: 14 | DD14: 0 | DE14: 722.99 | DF14: tier - 3 | DG14: tier - 1 | DH14: R1013 | DZ14: Id2323 | EA14: =YEAR(DATE(2023,6,8))-YEAR(CW14) -> 24
A15: Id14 | B15: Mr. | C15: Tenorio | D15: Franklin | T15: Id14 | U15: 40.565 | V15: 7.02 | W15: No | X15: No | Y15: No | Z15: 0 | AA15: yes | AV15: Id14 | AW15: 40.565 | AX15: 7.02 | AY15: No | AZ15: No | BA15: No | BB15: No major surgery | BC15: yes | BR15: 40.565 | BS15: {=_xlfn.IFS(BR15<18.5,"UNDER WEIGHT",BR15<=24.9,"NORMAL WEIGHT",BR15<=29.9,"OVER WEIGHT",BR15>=30,"OBESITY")} -> OBESITY | BV15: 7.02 | BW15: {=_xlfn.IFS(BV15<=5.7,"NORMAL",BV15<=6.4,"Prediabetes",BV15>=6.5,"Diabetes")} -> Diabetes | CJ15: Id2322 | CK15: 2002 | CL15: ? | CM15: 19 | CN15: 0 | CO15: 750 | CP15: tier - 3 | CQ15: tier - 1 | CR15: R1012 | CW15: =_xlfn.CONCAT(CM15,"/",CL15,"/",CK15) -> 19/?/2002 | CZ15: Id2322 | DA15: 2002 | DB15: ? | DC15: 19 | DD15: 0 | DE15: 750 | DF15: tier - 3 | DG15: tier - 1 | DH15: R1012 | DZ15: Id2322 | EA15: =YEAR(DATE(2023,6,8))-YEAR(CW15) -> #VALUE!
A16: Id15 | B16: Ms. | C16: Rios | D16: Leilani M. | T16: Id15 | U16: 36.385 | V16: 7.59 | W16: yes | X16: No | Y16: No | Z16: 2 | AA16: yes | AV16: Id15 | AW16: 36.385 | AX16: 7.59 | AY16: yes | AZ16: No | BA16: No | BB16: 2 | BC16: yes | BR16: 36.385 | BS16: {=_xlfn.IFS(BR16<18.5,"UNDER WEIGHT",BR16<=24.9,"NORMAL WEIGHT",BR16<=29.9,"OVER WEIGHT",BR16>=30,"OBESITY")} -> OBESITY | BV16: 7.59 | BW16: {=_xlfn.IFS(BV16<=5.7,"NORMAL",BV16<=6.4,"Prediabetes",BV16>=6.5,"Diabetes")} -> Diabetes | CJ16: Id2321 | CK16: 1993 | CL16: Aug | CM16: 9 | CN16: 0 | CO16: 760 | CP16: tier - 3 | CQ16: tier - 1 | CR16: R1013 | CW16: =_xlfn.CONCAT(CM16,"/",CL16,"/",CK16) -> 9/Aug/1993 | CZ16: Id2321 | DA16: 1993 | DB16: Aug | DC16: 9 | DD16: 0 | DE16: 760 | DF16: tier - 3 | DG16: tier - 1 | DH16: R1013 | DZ16: Id2321 | EA16: =YEAR(DATE(2023,6,8))-YEAR(CW16) -> 30
A17: Id16 | B17: Mr. | C17: Viau-Dupuis | D17: Philippe | T17: Id16 | U17: 39.9 | V17: 11.32 | W17: No | X17: No | Y17: No | Z17: 0 | AA17: yes | AV17: Id16 | AW17: 39.9 | AX17: 11.32 | AY17: No | AZ17: No | BA17: No | BB17: No major surgery | BC17: yes | BR17: 39.9 | BS17: {=_xlfn.IFS(BR17<18.5,"UNDER WEIGHT",BR17<=24.9,"NORMAL WEIGHT",BR17<=29.9,"OVER WEIGHT",BR17>=30,"OBESITY")} -> OBESITY | BV17: 11.32 | BW17: {=_xlfn.IFS(BV17<=5.7,"NORMAL",BV17<=6.4,"Prediabetes",BV17>=6.5,"Diabetes")} -> Diabetes | CJ17: Id2320 | CK17: 1996 | CL17: Oct | CM17: 22 | CN17: 0 | CO17: 760 | CP17: tier - 3 | CQ17: tier - 3 | CR17: R1013 | CW17: =_xlfn.CONCAT(CM17,"/",CL17,"/",CK17) -> 22/Oct/1996 | CZ17: Id2320 | DA17: 1996 | DB17: Oct | DC17: 22 | DD17: 0 | DE17: 760 | DF17: tier - 3 | DG17: tier - 3 | DH17: R1013 | DZ17: Id2320 | EA17: =YEAR(DATE(2023,6,8))-YEAR(CW17) -> 27
A18: Id17 | B18: Ms. | C18: Cronin | D18: Jennifer A. | T18: Id17 | U18: 33.8 | V18: 7.67 | W18: No | X18: No | Y18: No | Z18: 3 | AA18: yes | AV18: Id17 | AW18: 33.8 | AX18: 7.67 | AY18: No | AZ18: No | BA18: No | BB18: 3 | BC18: yes | BR18: 33.8 | BS18: {=_xlfn.IFS(BR18<18.5,"UNDER WEIGHT",BR18<=24.9,"NORMAL WEIGHT",BR18<=29.9,"OVER WEIGHT",BR18>=30,"OBESITY")} -> OBESITY | BV18: 7.67 | BW18: {=_xlfn.IFS(BV18<=5.7,"NORMAL",BV18<=6.4,"Prediabetes",BV18>=6.5,"Diabetes")} -> Diabetes | CJ18: Id2319 | CK18: 1993 | CL18: Jun | CM18: 28 | CN18: 0 | CO18: 770 | CP18: tier - 3 | CQ18: tier - 3 | CR18: R1013 | CW18: =_xlfn.CONCAT(CM18,"/",CL18,"/",CK18) -> 28/Jun/1993 | CZ18: Id2319 | DA18: 1993 | DB18: Jun | DC18: 28 | DD18: 0 | DE18: 770 | DF18: tier - 3 | DG18: tier - 3 | DH18: R1013 | DZ18: Id2319 | EA18: =YEAR(DATE(2023,6,8))-YEAR(CW18) -> 30
A19: Id18 | B19: Ms. | C19: Noordstar | D19: Christina M. | T19: Id18 | U19: 36.765 | V19: 7.29 | W19: yes | X19: No | Y19: Yes | Z19: 1 | AA19: yes | AV19: Id18 | AW19: 36.765 | AX19: 7.29 | AY19: yes | AZ19: No | BA19: Yes | BB19: 1 | BC19: yes | BR19: 36.765 | BS19: {=_xlfn.IFS(BR19<18.5,"UNDER WEIGHT",BR19<=24.9,"NORMAL WEIGHT",BR19<=29.9,"OVER WEIGHT",BR19>=30,"OBESITY")} -> OBESITY | BV19: 7.29 | BW19: {=_xlfn.IFS(BV19<=5.7,"NORMAL",BV19<=6.4,"Prediabetes",BV19>=6.5,"Diabetes")} -> Diabetes | CJ19: Id2318 | CK19: 1996 | CL19: ? | CM19: 18 | CN19: 0 | CO19: 770.38 | CP19: tier - 3 | CQ19: ? | CR19: R1012 | CW19: =_xlfn.CONCAT(CM19,"/",CL19,"/",CK19) -> 18/?/1996 | CZ19: Id2318 | DA19: 1996 | DB19: ? | DC19: 18 | DD19: 0 | DE19: 770.38 | DF19: tier - 3 | DG19: ? | DH19: R1012 | DZ19: Id2318 | EA19: =YEAR(DATE(2023,6,8))-YEAR(CW19) -> #VALUE!
A20: Id19 | B20: Mr. | C20: Boudalia | D20: Said Sr. | T20: Id19 | U20: 36.955 | V20: 4.72 | W20: yes | X20: No | Y20: No | Z20: 1 | AA20: yes | AV20: Id19 | AW20: 36.955 | AX20: 4.72 | AY20: yes | AZ20: No | BA20: No | BB20: 1 | BC20: yes | BR20: 36.955 | BS20: {=_xlfn.IFS(BR20<18.5,"UNDER WEIGHT",BR20<=24.9,"NORMAL WEIGHT",BR20<=29.9,"OVER WEIGHT",BR20>=30,"OBESITY")} -> OBESITY | BV20: 4.72 | BW20: {=_xlfn.IFS(BV20<=5.7,"NORMAL",BV20<=6.4,"Prediabetes",BV20>=6.5,"Diabetes")} -> NORMAL | CJ20: Id2317 | CK20: 1995 | CL20: Dec | CM20: 7 | CN20: 0 | CO20: 773.54 | CP20: tier - 3 | CQ20: tier - 2 | CR20: R1013 | CW20: =_xlfn.CONCAT(CM20,"/",CL20,"/",CK20) -> 7/Dec/1995 | CZ20: Id2317 | DA20: 1995 | DB20: Dec | DC20: 7 | DD20: 0 | DE20: 773.54 | DF20: tier - 3 | DG20: tier - 2 | DH20: R1013 | DZ20: Id2317 | EA20: =YEAR(DATE(2023,6,8))-YEAR(CW20) -> 28
A21: Id20 | B21: Mr. | C21: Flor | D21: John | T21: Id20 | U21: 42.9 | V21: 11.41 | W21: No | X21: No | Y21: No | Z21: 0 | AA21: yes | AV21: Id20 | AW21: 42.9 | AX21: 11.41 | AY21: No | AZ21: No | BA21: No | BB21: No major surgery | BC21: yes | BR21: 42.9 | BS21: {=_xlfn.IFS(BR21<18.5,"UNDER WEIGHT",BR21<=24.9,"NORMAL WEIGHT",BR21<=29.9,"OVER WEIGHT",BR21>=30,"OBESITY")} -> OBESITY | BV21: 11.41 | BW21: {=_xlfn.IFS(BV21<=5.7,"NORMAL",BV21<=6.4,"Prediabetes",BV21>=6.5,"Diabetes")} -> Diabetes | CJ21: Id2316 | CK21: 2004 | CL21: Oct | CM21: 7 | CN21: 0 | CO21: 830.52 | CP21: tier - 3 | CQ21: tier - 2 | CR21: R1011 | CW21: =_xlfn.CONCAT(CM21,"/",CL21,"/",CK21) -> 7/Oct/2004 | CZ21: Id2316 | DA21: 2004 | DB21: Oct | DC21: 7 | DD21: 0 | DE21: 830.52 | DF21: tier - 3 | DG21: tier - 2 | DH21: R1011 | DZ21: Id2316 | EA21: =YEAR(DATE(2023,6,8))-YEAR(CW21) -> 19
A22: Id21 | B22: Mr. | C22: Fennon | D22: Myles | T22: Id21 | U22: 36.3 | V22: 11.5 | W22: yes | X22: No | Y22: No | Z22: 2 | AA22: yes | AV22: Id21 | AW22: 36.3 | AX22: 11.5 | AY22: yes | AZ22: No | BA22: No | BB22: 2 | BC22: yes | BR22: 36.3 | BS22: {=_xlfn.IFS(BR22<18.5,"UNDER WEIGHT",BR22<=24.9,"NORMAL WEIGHT",BR22<=29.9,"OVER WEIGHT",BR22>=30,"OBESITY")} -> OBESITY | BV22: 11.5 | BW22: {=_xlfn.IFS(BV22<=5.7,"NORMAL",BV22<=6.4,"Prediabetes",BV22>=6.5,"Diabetes")} -> Diabetes | CJ22: Id2315 | CK22: 2000 | CL22: Nov | CM22: 18 | CN22: 0 | CO22: 865.41 | CP22: tier - 3 | CQ22: tier - 1 | CR22: R1013 | CW22: =_xlfn.CONCAT(CM22,"/",CL22,"/",CK22) -> 18/Nov/2000 | CZ22: Id2315 | DA22: 2000 | DB22: Nov | DC22: 18 | DD22: 0 | DE22: 865.41 | DF22: tier - 3 | DG22: tier - 1 | DH22: R1013 | DZ22: Id2315 | EA22: =YEAR(DATE(2023,6,8))-YEAR(CW22) -> 23
A23: Id22 | B23: Ms. | C23: Hribar | D23: Madelyn C | T23: Id22 | U23: 32.2 | V23: 6.22 | W23: yes | X23: No | Y23: No | Z23: 2 | AA23: yes | AV23: Id22 | AW23: 32.2 | AX23: 6.22 | AY23: yes | AZ23: No | BA23: No | BB23: 2 | BC23: yes | BR23: 32.2 | BS23: {=_xlfn.IFS(BR23<18.5,"UNDER WEIGHT",BR23<=24.9,"NORMAL WEIGHT",BR23<=29.9,"OVER WEIGHT",BR23>=30,"OBESITY")} -> OBESITY | BV23: 6.22 | BW23: {=_xlfn.IFS(BV23<=5.7,"NORMAL",BV23<=6.4,"Prediabetes",BV23>=6.5,"Diabetes")} -> Prediabetes | CJ23: Id2314 | CK23: 1993 | CL23: Nov | CM23: 27 | CN23: 0 | CO23: 896.21 | CP23: tier - 3 | CQ23: tier - 1 | CR23: R1013 | CW23: =_xlfn.CONCAT(CM23,"/",CL23,"/",CK23) -> 27/Nov/1993 | CZ23: Id2314 | DA23: 1993 | DB23: Nov | DC23: 27 | DD23: 0 | DE23: 896.21 | DF23: tier - 3 | DG23: tier - 1 | DH23: R1013 | DZ23: Id2314 | EA23: =YEAR(DATE(2023,6,8))-YEAR(CW23) -> 30
A24: Id23 | B24: Ms. | C24: Tassello | D24: Nicole | T24: Id23 | U24: 31.3 | V24: 11.38 | W24: No | X24: No | Y24: No | Z24: 3 | AA24: yes | AV24: Id23 | AW24: 31.3 | AX24: 11.38 | AY24: No | AZ24: No | BA24: No | BB24: 3 | BC24: yes | BR24: 31.3 | BS24: {=_xlfn.IFS(BR24<18.5,"UNDER WEIGHT",BR24<=24.9,"NORMAL WEIGHT",BR24<=29.9,"OVER WEIGHT",BR24>=30,"OBESITY")} -> OBESITY | BV24: 11.38 | BW24: {=_xlfn.IFS(BV24<=5.7,"NORMAL",BV24<=6.4,"Prediabetes",BV24>=6.5,"Diabetes")} -> Diabetes | CJ24: Id2313 | CK24: 1994 | CL24: Oct | CM24: 30 | CN24: 0 | CO24: 915.07 | CP24: tier - 3 | CQ24: tier - 1 | CR24: R1013 | CW24: =_xlfn.CONCAT(CM24,"/",CL24,"/",CK24) -> 30/Oct/1994 | CZ24: Id2313 | DA24: 1994 | DB24: Oct | DC24: 30 | DD24: 0 | DE24: 915.07 | DF24: tier - 3 | DG24: tier - 1 | DH24: R1013 | DZ24: Id2313 | EA24: =YEAR(DATE(2023,6,8))-YEAR(CW24) -> 29
A25: Id24 | B25: Mr. | C25: Mauricette | D25: Eric A. | T25: Id24 | U25: 41.8 | V25: 7.89 | W25: yes | X25: No | Y25: No | Z25: 2 | AA25: yes | AV25: Id24 | AW25: 41.8 | AX25: 7.89 | AY25: yes | AZ25: No | BA25: No | BB25: 2 | BC25: yes | BR25: 41.8 | BS25: {=_xlfn.IFS(BR25<18.5,"UNDER WEIGHT",BR25<=24.9,"NORMAL WEIGHT",BR25<=29.9,"OVER WEIGHT",BR25>=30,"OBESITY")} -> OBESITY | BV25: 7.89 | BW25: {=_xlfn.IFS(BV25<=5.7,"NORMAL",BV25<=6.4,"Prediabetes",BV25>=6.5,"Diabetes")} -> Diabetes | CJ25: Id2312 | CK25: 1995 | CL25: Oct | CM25: 28 | CN25: 0 | CO25: 928.59 | CP25: tier - 3 | CQ25: tier - 1 | CR25: R1013 | CW25: =_xlfn.CONCAT(CM25,"/",CL25,"/",CK25) -> 28/Oct/1995 | CZ25: Id2312 | DA25: 1995 | DB25: Oct | DC25: 28 | DD25: 0 | DE25: 928.59 | DF25: tier - 3 | DG25: tier - 1 | DH25: R1013 | DZ25: Id2312 | EA25: =YEAR(DATE(2023,6,8))-YEAR(CW25) -> 28
A26: Id25 | B26: Mr. | C26: Garcia | D26: Emiliano I. | T26: Id25 | U26: 35.09 | V26: 4.38 | W26: yes | X26: No | Y26: No | Z26: 2 | AA26: yes | AV26: Id25 | AW26: 35.09 | AX26: 4.38 | AY26: yes | AZ26: No | BA26: No | BB26: 2 | BC26: yes | BR26: 35.09 | BS26: {=_xlfn.IFS(BR26<18.5,"UNDER WEIGHT",BR26<=24.9,"NORMAL WEIGHT",BR26<=29.9,"OVER WEIGHT",BR26>=30,"OBESITY")} -> OBESITY | BV26: 4.38 | BW26: {=_xlfn.IFS(BV26<=5.7,"NORMAL",BV26<=6.4,"Prediabetes",BV26>=6.5,"Diabetes")} -> NORMAL | CJ26: Id2311 | CK26: 2001 | CL26: Aug | CM26: 19 | CN26: 0 | CO26: 964.71 | CP26: tier - 3 | CQ26: tier - 2 | CR26: R1013 | CW26: =_xlfn.CONCAT(CM26,"/",CL26,"/",CK26) -> 19/Aug/2001 | CZ26: Id2311 | DA26: 2001 | DB26: Aug | DC26: 19 | DD26: 0 | DE26: 964.71 | DF26: tier - 3 | DG26: tier - 2 | DH26: R1013 | DZ26: Id2311 | EA26: =YEAR(DATE(2023,6,8))-YEAR(CW26) -> 22
A27: Id26 | B27: Mr. | C27: Airoldi | D27: Adam | T27: Id26 | U27: 33.88 | V27: 7.01 | W27: No | X27: No | Y27: No | Z27: 3 | AA27: yes | AV27: Id26 | AW27: 33.88 | AX27: 7.01 | AY27: No | AZ27: No | BA27: No | BB27: 3 | BC27: yes | BR27: 33.88 | BS27: {=_xlfn.IFS(BR27<18.5,"UNDER WEIGHT",BR27<=24.9,"NORMAL WEIGHT",BR27<=29.9,"OVER WEIGHT",BR27>=30,"OBESITY")} -> OBESITY | BV27: 7.01 | BW27: {=_xlfn.IFS(BV27<=5.7,"NORMAL",BV27<=6.4,"Prediabetes",BV27>=6.5,"Diabetes")} -> Diabetes | CJ27: Id2310 | CK27: 1994 | CL27: Nov | CM27: 22 | CN27: 0 | CO27: 1006.65 | CP27: tier - 3 | CQ27: tier - 2 | CR27: R1013 | CW27: =_xlfn.CONCAT(CM27,"/",CL27,"/",CK27) -> 22/Nov/1994 | CZ27: Id2310 | DA27: 1994 | DB27: Nov | DC27: 22 | DD27: 0 | DE27: 1006.65 | DF27: tier - 3 | DG27: tier - 2 | DH27: R1013 | DZ27: Id2310 | EA27: =YEAR(DATE(2023,6,8))-YEAR(CW27) -> 29
A28: Id27 | B28: Mr. | C28: Cater-Cyker | D28: Zach | T28: Id27 | U28: 30.875 | V28: 11.88 | W28: No | X28: No | Y28: No | Z28: 0 | AA28: yes | AV28: Id27 | AW28: 30.875 | AX28: 11.88 | AY28: No | AZ28: No | BA28: No | BB28: No major surgery | BC28: yes | BR28: 30.875 | BS28: {=_xlfn.IFS(BR28<18.5,"UNDER WEIGHT",BR28<=24.9,"NORMAL WEIGHT",BR28<=29.9,"OVER WEIGHT",BR28>=30,"OBESITY")} -> OBESITY | BV28: 11.88 | BW28: {=_xlfn.IFS(BV28<=5.7,"NORMAL",BV28<=6.4,"Prediabetes",BV28>=6.5,"Diabetes")} -> Diabetes | CJ28: Id2309 | CK28: 2000 | CL28: Oct | CM28: 9 | CN28: 0 | CO28: 1012 | CP28: tier - 3 | CQ28: tier - 2 | CR28: R1013 | CW28: =_xlfn.CONCAT(CM28,"/",CL28,"/",CK28) -> 9/Oct/2000 | CZ28: Id2309 | DA28: 2000 | DB28: Oct | DC28: 9 | DD28: 0 | DE28: 1012 | DF28: tier - 3 | DG28: tier - 2 | DH28: R1013 | DZ28: Id2309 | EA28: =YEAR(DATE(2023,6,8))-YEAR(CW28) -> 23
A29: Id28 | B29: Ms. | C29: Hamm | D29: Stephanie W. | T29: Id28 | U29: 36.86 | V29: 5.19 | W29: yes | X29: No | Y29: Yes | Z29: 1 | AA29: yes | AV29: Id28 | AW29: 36.86 | AX29: 5.19 | AY29: yes | AZ29: No | BA29: Yes | BB29: 1 | BC29: yes | BR29: 36.86 | BS29: {=_xlfn.IFS(BR29<18.5,"UNDER WEIGHT",BR29<=24.9,"NORMAL WEIGHT",BR29<=29.9,"OVER WEIGHT",BR29>=30,"OBESITY")} -> OBESITY | BV29: 5.19 | BW29: {=_xlfn.IFS(BV29<=5.7,"NORMAL",BV29<=6.4,"Prediabetes",BV29>=6.5,"Diabetes")} -> NORMAL | CJ29: Id2308 | CK29: 1999 | CL29: Aug | CM29: 5 | CN29: 0 | CO29: 1019 | CP29: tier - 3 | CQ29: tier - 2 | CR29: R1013 | CW29: =_xlfn.CONCAT(CM29,"/",CL29,"/",CK29) -> 5/Aug/1999 | CZ29: Id2308 | DA29: 1999 | DB29: Aug | DC29: 5 | DD29: 0 | DE29: 1019 | DF29: tier - 3 | DG29: tier - 2 | DH29: R1013 | DZ29: Id2308 | EA29: =YEAR(DATE(2023,6,8))-YEAR(CW29) -> 24
A30: Id29 | B30: Mr. | C30: Cox | D30: Stephen | T30: Id29 | U30: 35.86 | V30: 6.74 | W30: yes | X30: No | Y30: No | Z30: 2 | AA30: yes | AV30: Id29 | AW30: 35.86 | AX30: 6.74 | AY30: yes | AZ30: No | BA30: No | BB30: 2 | BC30: yes | BR30: 35.86 | BS30: {=_xlfn.IFS(BR30<18.5,"UNDER WEIGHT",BR30<=24.9,"NORMAL WEIGHT",BR30<=29.9,"OVER WEIGHT",BR30>=30,"OBESITY")} -> OBESITY | BV30: 6.74 | BW30: {=_xlfn.IFS(BV30<=5.7,"NORMAL",BV30<=6.4,"Prediabetes",BV30>=6.5,"Diabetes")} -> Diabetes | CJ30: Id2307 | CK30: 1995 | CL30: Oct | CM30: 5 | CN30: 0 | CO30: 1033.74 | CP30: tier - 3 | CQ30: tier - 1 | CR30: R1013 | CW30: =_xlfn.CONCAT(CM30,"/",CL30,"/",CK30) -> 5/Oct/1995 | CZ30: Id2307 | DA30: 1995 | DB30: Oct | DC30: 5 | DD30: 0 | DE30: 1033.74 | DF30: tier - 3 | DG30: tier - 1 | DH30: R1013 | DZ30: Id2307 | EA30: =YEAR(DATE(2023,6,8))-YEAR(CW30) -> 28
A31: Id30 | B31: Ms. | C31: Sachrajda | D31: Natalie | T31: Id30 | U31: 37.05 | V31: 8.44 | W31: No | X31: No | Y31: No | Z31: 0 | AA31: yes | AV31: Id30 | AW31: 37.05 | AX31: 8.44 | AY31: No | AZ31: No | BA31: No | BB31: No major surgery | BC31: yes | BR31: 37.05 | BS31: {=_xlfn.IFS(BR31<18.5,"UNDER WEIGHT",BR31<=24.9,"NORMAL WEIGHT",BR31<=29.9,"OVER WEIGHT",BR31>=30,"OBESITY")} -> OBESITY | BV31: 8.44 | BW31: {=_xlfn.IFS(BV31<=5.7,"NORMAL",BV31<=6.4,"Prediabetes",BV31>=6.5,"Diabetes")} -> Diabetes | CJ31: Id2306 | CK31: 1994 | CL31: Nov | CM31: 17 | CN31: 0 | CO31: 1044 | CP31: tier - 3 | CQ31: tier - 2 | CR31: R1013 | CW31: =_xlfn.CONCAT(CM31,"/",CL31,"/",CK31) -> 17/Nov/1994 | CZ31: Id2306 | DA31: 1994 | DB31: Nov | DC31: 17 | DD31: 0 | DE31: 1044 | DF31: tier - 3 | DG31: tier - 2 | DH31: R1013 | DZ31: Id2306 | EA31: =YEAR(DATE(2023,6,8))-YEAR(CW31) -> 29
A32: Id31 | B32: Ms. | C32: Gareri | D32: Nicole J. | T32: Id31 | U32: 43.89 | V32: 8.71 | W32: No | X32: No | Y32: No | Z32: 0 | AA32: yes | AV32: Id31 | AW32: 43.89 | AX32: 8.71 | AY32: No | AZ32: No | BA32: No | BB32: No major surgery | BC32: yes | BR32: 43.89 | BS32: {=_xlfn.IFS(BR32<18.5,"UNDER WEIGHT",BR32<=24.9,"NORMAL WEIGHT",BR32<=29.9,"OVER WEIGHT",BR32>=30,"OBESITY")} -> OBESITY | BV32: 8.71 | BW32: {=_xlfn.IFS(BV32<=5.7,"NORMAL",BV32<=6.4,"Prediabetes",BV32>=6.5,"Diabetes")} -> Diabetes | CJ32: Id2305 | CK32: 2002 | CL32: Jul | CM32: 20 | CN32: 0 | CO32: 1047 | CP32: tier - 3 | CQ32: tier - 1 | CR32: R1013 | CW32: =_xlfn.CONCAT(CM32,"/",CL32,"/",CK32) -> 20/Jul/2002 | CZ32: Id2305 | DA32: 2002 | DB32: Jul | DC32: 20 | DD32: 0 | DE32: 1047 | DF32: tier - 3 | DG32: tier - 1 | DH32: R1013 | DZ32: Id2305 | EA32: =YEAR(DATE(2023,6,8))-YEAR(CW32) -> 21
A33: Id32 | B33: Mr. | C33: Welch | D33: Jefferson D | T33: Id32 | U33: 42.35 | V33: 5.08 | W33: yes | X33: No | Y33: No | Z33: 0 | AA33: yes | AV33: Id32 | AW33: 42.35 | AX33: 5.08 | AY33: yes | AZ33: No | BA33: No | BB33: No major surgery | BC33: yes | BR33: 42.35 | BS33: {=_xlfn.IFS(BR33<18.5,"UNDER WEIGHT",BR33<=24.9,"NORMAL WEIGHT",BR33<=29.9,"OVER WEIGHT",BR33>=30,"OBESITY")} -> OBESITY | BV33: 5.08 | BW33: {=_xlfn.IFS(BV33<=5.7,"NORMAL",BV33<=6.4,"Prediabetes",BV33>=6.5,"Diabetes")} -> NORMAL | CJ33: Id2304 | CK33: 2002 | CL33: Jul | CM33: 1 | CN33: 0 | CO33: 1049 | CP33: tier - 3 | CQ33: tier - 2 | CR33: R1012 | CW33: =_xlfn.CONCAT(CM33,"/",CL33,"/",CK33) -> 1/Jul/2002 | CZ33: Id2304 | DA33: 2002 | DB33: Jul | DC33: 1 | DD33: 0 | DE33: 1049 | DF33: tier - 3 | DG33: tier - 2 | DH33: R1012 | DZ33: Id2304 | EA33: =YEAR(DATE(2023,6,8))-YEAR(CW33) -> 21
A34: Id33 | B34: Mr. | C34: Prindiville | D34: Brendan D. | T34: Id33 | U34: 31.35 | V34: 6.86 | W34: No | X34: No | Y34: No | Z34: 0 | AA34: yes | AV34: Id33 | AW34: 31.35 | AX34: 6.86 | AY34: No | AZ34: No | BA34: No | BB34: No major surgery | BC34: yes | BR34: 31.35 | BS34: {=_xlfn.IFS(BR34<18.5,"UNDER WEIGHT",BR34<=24.9,"NORMAL WEIGHT",BR34<=29.9,"OVER WEIGHT",BR34>=30,"OBESITY")} -> OBESITY | BV34: 6.86 | BW34: {=_xlfn.IFS(BV34<=5.7,"NORMAL",BV34<=6.4,"Prediabetes",BV34>=6.5,"Diabetes")} -> Diabetes | CJ34: Id2303 | CK34: 1995 | CL34: Jun | CM34: 1 | CN34: 0 | CO34: 1056 | CP34: tier - 3 | CQ34: tier - 2 | CR34: R1013 | CW34: =_xlfn.CONCAT(CM34,"/",CL34,"/",CK34) -> 1/Jun/1995 | CZ34: Id2303 | DA34: 1995 | DB34: Jun | DC34: 1 | DD34: 0 | DE34: 1056 | DF34: tier - 3 | DG34: tier - 2 | DH34: R1013 | DZ34: Id2303 | EA34: =YEAR(DATE(2023,6,8))-YEAR(CW34) -> 28
A35: Id34 | B35: Ms. | C35: Kincaid | D35: Courtney | T35: Id34 | U35: 47.6 | V35: 5.95 | W35: yes | X35: No | Y35: No | Z35: 0 | AA35: yes | AV35: Id34 | AW35: 47.6 | AX35: 5.95 | AY35: yes | AZ35: No | BA35: No | BB35: No major surgery | BC35: yes | BR35: 47.6 | BS35: {=_xlfn.IFS(BR35<18.5,"UNDER WEIGHT",BR35<=24.9,"NORMAL WEIGHT",BR35<=29.9,"OVER WEIGHT",BR35>=30,"OBESITY")} -> OBESITY | BV35: 5.95 | BW35: {=_xlfn.IFS(BV35<=5.7,"NORMAL",BV35<=6.4,"Prediabetes",BV35>=6.5,"Diabetes")} -> Prediabetes | CJ35: Id2302 | CK35: 1993 | CL35: Sep | CM35: 28 | CN35: 0 | CO35: 1068 | CP35: tier - 3 | CQ35: tier - 1 | CR35: R1013 | CW35: =_xlfn.CONCAT(CM35,"/",CL35,"/",CK35) -> 28/Sep/1993 | CZ35: Id2302 | DA35: 1993 | DB35: Sep | DC35: 28 | DD35: 0 | DE35: 1068 | DF35: tier - 3 | DG35: tier - 1 | DH35: R1013 | DZ35: Id2302 | EA35: =YEAR(DATE(2023,6,8))-YEAR(CW35) -> 30
A36: Id35 | B36: Ms. | C36: Bruestle | D36: Sydney L. | T36: Id35 | U36: 46.2 | V36: 6.09 | W36: No | X36: No | Y36: Yes | Z36: 1 | AA36: yes | AV36: Id35 | AW36: 46.2 | AX36: 6.09 | AY36: No | AZ36: No | BA36: Yes | BB36: 1 | BC36: yes | BR36: 46.2 | BS36: {=_xlfn.IFS(BR36<18.5,"UNDER WEIGHT",BR36<=24.9,"NORMAL WEIGHT",BR36<=29.9,"OVER WEIGHT",BR36>=30,"OBESITY")} -> OBESITY | BV36: 6.09 | BW36: {=_xlfn.IFS(BV36<=5.7,"NORMAL",BV36<=6.4,"Prediabetes",BV36>=6.5,"Diabetes")} -> Prediabetes | CJ36: Id2301 | CK36: 2004 | CL36: Aug | CM36: 24 | CN36: 0 | CO36: 1070 | CP36: tier - 3 | CQ36: tier - 3 | CR36: R1013 | CW36: =_xlfn.CONCAT(CM36,"/",CL36,"/",CK36) -> 24/Aug/2004 | CZ36: Id2301 | DA36: 2004 | DB36: Aug | DC36: 24 | DD36: 0 | DE36: 1070 | DF36: tier - 3 | DG36: tier - 3 | DH36: R1013 | DZ36: Id2301 | EA36: =YEAR(DATE(2023,6,8))-YEAR(CW36) -> 19
A37: Id36 | B37: Mr. | C37: Lachance | D37: Julien | T37: Id36 | U37: 32.015 | V37: 11.75 | W37: No | X37: No | Y37: No | Z37: 0 | AA37: yes | AV37: Id36 | AW37: 32.015 | AX37: 11.75 | AY37: No | AZ37: No | BA37: No | BB37: No major surgery | BC37: yes | BR37: 32.015 | BS37: {=_xlfn.IFS(BR37<18.5,"UNDER WEIGHT",BR37<=24.9,"NORMAL WEIGHT",BR37<=29.9,"OVER WEIGHT",BR37>=30,"OBESITY")} -> OBESITY | BV37: 11.75 | BW37: {=_xlfn.IFS(BV37<=5.7,"NORMAL",BV37<=6.4,"Prediabetes",BV37>=6.5,"Diabetes")} -> Diabetes | CJ37: Id2300 | CK37: 1997 | CL37: Aug | CM37: 13 | CN37: 0 | CO37: 1071 | CP37: tier - 3 | CQ37: tier - 3 | CR37: R1013 | CW37: =_xlfn.CONCAT(CM37,"/",CL37,"/",CK37) -> 13/Aug/1997 | CZ37: Id2300 | DA37: 1997 | DB37: Aug | DC37: 13 | DD37: 0 | DE37: 1071 | DF37: tier - 3 | DG37: tier - 3 | DH37: R1013 | DZ37: Id2300 | EA37: =YEAR(DATE(2023,6,8))-YEAR(CW37) -> 26
A38: Id37 | B38: Mr. | C38: Eason | D38: Ryan M | T38: Id37 | U38: 40.565 | V38: 7.37 | W38: No | X38: No | Y38: No | Z38: 0 | AA38: yes | AV38: Id37 | AW38: 40.565 | AX38: 7.37 | AY38: No | AZ38: No | BA38: No | BB38: No major surgery | BC38: yes | BR38: 40.565 | BS38: {=_xlfn.IFS(BR38<18.5,"UNDER WEIGHT",BR38<=24.9,"NORMAL WEIGHT",BR38<=29.9,"OVER WEIGHT",BR38>=30,"OBESITY")} -> OBESITY | BV38: 7.37 | BW38: {=_xlfn.IFS(BV38<=5.7,"NORMAL",BV38<=6.4,"Prediabetes",BV38>=6.5,"Diabetes")} -> Diabetes | CJ38: Id2299 | CK38: 1998 | CL38: Dec | CM38: 26 | CN38: 0 | CO38: 1082 | CP38: tier - 3 | CQ38: tier - 2 | CR38: R1013 | CW38: =_xlfn.CONCAT(CM38,"/",CL38,"/",CK38) -> 26/Dec/1998 | CZ38: Id2299 | DA38: 1998 | DB38: Dec | DC38: 26 | DD38: 0 | DE38: 1082 | DF38: tier - 3 | DG38: tier - 2 | DH38: R1013 | DZ38: Id2299 | EA38: =YEAR(DATE(2023,6,8))-YEAR(CW38) -> 25
A39: Id38 | B39: Ms. | C39: Grummon | D39: Anna H. | T39: Id38 | U39: 32.45 | V39: 11.91 | W39: No | X39: No | Y39: No | Z39: 0 | AA39: yes | AV39: Id38 | AW39: 32.45 | AX39: 11.91 | AY39: No | AZ39: No | BA39: No | BB39: No major surgery | BC39: yes | BR39: 32.45 | BS39: {=_xlfn.IFS(BR39<18.5,"UNDER WEIGHT",BR39<=24.9,"NORMAL WEIGHT",BR39<=29.9,"OVER WEIGHT",BR39>=30,"OBESITY")} -> OBESITY | BV39: 11.91 | BW39: {=_xlfn.IFS(BV39<=5.7,"NORMAL",BV39<=6.4,"Prediabetes",BV39>=6.5,"Diabetes")} -> Diabetes | CJ39: Id2298 | CK39: 2002 | CL39: Aug | CM39: 13 | CN39: 0 | CO39: 1086 | CP39: tier - 3 | CQ39: tier - 3 | CR39: R1013 | CW39: =_xlfn.CONCAT(CM39,"/",CL39,"/",CK39) -> 13/Aug/2002 | CZ39: Id2298 | DA39: 2002 | DB39: Aug | DC39: 13 | DD39: 0 | DE39: 1086 | DF39: tier - 3 | DG39: tier - 3 | DH39: R1013 | DZ39: Id2298 | EA39: =YEAR(DATE(2023,6,8))-YEAR(CW39) -> 21
A40: Id39 | B40: Ms. | C40: Vanwechel | D40: Samantha | T40: Id39 | U40: 34.96 | V40: 6.52 | W40: No | X40: No | Y40: No | Z40: 0 | AA40: yes | AV40: Id39 | AW40: 34.96 | AX40: 6.52 | AY40: No | AZ40: No | BA40: No | BB40: No major surgery | BC40: yes | BR40: 34.96 | BS40: {=_xlfn.IFS(BR40<18.5,"UNDER WEIGHT",BR40<=24.9,"NORMAL WEIGHT",BR40<=29.9,"OVER WEIGHT",BR40>=30,"OBESITY")} -> OBESITY | BV40: 6.52 | BW40: {=_xlfn.IFS(BV40<=5.7,"NORMAL",BV40<=6.4,"Prediabetes",BV40>=6.5,"Diabetes")} -> Diabetes | CJ40: Id2297 | CK40: 2004 | CL40: Nov | CM40: 12 | CN40: 0 | CO40: 1121.87 | CP40: tier - 3 | CQ40: tier - 1 | CR40: R1013 | CW40: =_xlfn.CONCAT(CM40,"/",CL40,"/",CK40) -> 12/Nov/2004 | CZ40: Id2297 | DA40: 2004 | DB40: Nov | DC40: 12 | DD40: 0 | DE40: 1121.87 | DF40: tier - 3 | DG40: tier - 1 | DH40: R1013 | DZ40: Id2297 | EA40: =YEAR(DATE(2023,6,8))-YEAR(CW40) -> 19
A41: Id40 | B41: Mr. | C41: Fisher | D41: Robert | T41: Id40 | U41: 35.5 | V41: 5.14 | W41: No | X41: No | Y41: Yes | Z41: 1 | AA41: yes | AV41: Id40 | AW41: 35.5 | AX41: 5.14 | AY41: No | AZ41: No | BA41: Yes | BB41: 1 | BC41: yes | BR41: 35.5 | BS41: {=_xlfn.IFS(BR41<18.5,"UNDER WEIGHT",BR41<=24.9,"NORMAL WEIGHT",BR41<=29.9,"OVER WEIGHT",BR41>=30,"OBESITY")} -> OBESITY | BV41: 5.14 | BW41: {=_xlfn.IFS(BV41<=5.7,"NORMAL",BV41<=6.4,"Prediabetes",BV41>=6.5,"Diabetes")} -> NORMAL | CJ41: Id2296 | CK41: 2004 | CL41: Jun | CM41: 14 | CN41: 0 | CO41: 1131.51 | CP41: tier - 3 | CQ41: tier - 1 | CR41: R1013 | CW41: =_xlfn.CONCAT(CM41,"/",CL41,"/",CK41) -> 14/Jun/2004 | CZ41: Id2296 | DA41: 2004 | DB41: Jun | DC41: 14 | DD41: 0 | DE41: 1131.51 | DF41: tier - 3 | DG41: tier - 1 | DH41: R1013 | DZ41: Id2296 | EA41: =YEAR(DATE(2023,6,8))-YEAR(CW41) -> 19
A42: Id41 | B42: Mr. | C42: Jenkins | D42: James R. | T42: Id41 | U42: 52.58 | V42: 4.19 | W42: No | X42: yes | Y42: No | Z42: 1 | AA42: yes | AV42: Id41 | AW42: 52.58 | AX42: 4.19 | AY42: No | AZ42: yes | BA42: No | BB42: 1 | BC42: yes | BR42: 52.58 | BS42: {=_xlfn.IFS(BR42<18.5,"UNDER WEIGHT",BR42<=24.9,"NORMAL WEIGHT",BR42<=29.9,"OVER WEIGHT",BR42>=30,"OBESITY")} -> OBESITY | BV42: 4.19 | BW42: {=_xlfn.IFS(BV42<=5.7,"NORMAL",BV42<=6.4,"Prediabetes",BV42>=6.5,"Diabetes")} -> NORMAL | CJ42: Id2295 | CK42: 2002 | CL42: Jul | CM42: 19 | CN42: 0 | CO42: 1132 | CP42: tier - 3 | CQ42: tier - 1 | CR42: R1013 | CW42: =_xlfn.CONCAT(CM42,"/",CL42,"/",CK42) -> 19/Jul/2002 | CZ42: Id2295 | DA42: 2002 | DB42: Jul | DC42: 19 | DD42: 0 | DE42: 1132 | DF42: tier - 3 | DG42: tier - 1 | DH42: R1013 | DZ42: Id2295 | EA42: =YEAR(DATE(2023,6,8))-YEAR(CW42) -> 21
A43: Id42 | B43: Ms. | C43: Peters | D43: Roseann | T43: Id42 | U43: 35.2 | V43: 11.68 | W43: yes | X43: No | Y43: No | Z43: 0 | AA43: yes | AV43: Id42 | AW43: 35.2 | AX43: 11.68 | AY43: yes | AZ43: No | BA43: No | BB43: No major surgery | BC43: yes | BR43: 35.2 | BS43: {=_xlfn.IFS(BR43<18.5,"UNDER WEIGHT",BR43<=24.9,"NORMAL WEIGHT",BR43<=29.9,"OVER WEIGHT",BR43>=30,"OBESITY")} -> OBESITY | BV43: 11.68 | BW43: {=_xlfn.IFS(BV43<=5.7,"NORMAL",BV43<=6.4,"Prediabetes",BV43>=6.5,"Diabetes")} -> Diabetes | CJ43: Id2294 | CK43: 2004 | CL43: Oct | CM43: 6 | CN43: 0 | CO43: 1135 | CP43: tier - 3 | CQ43: tier - 3 | CR43: R1013 | CW43: =_xlfn.CONCAT(CM43,"/",CL43,"/",CK43) -> 6/Oct/2004 | CZ43: Id2294 | DA43: 2004 | DB43: Oct | DC43: 6 | DD43: 0 | DE43: 1135 | DF43: tier - 3 | DG43: tier - 3 | DH43: R1013 | DZ43: Id2294 | EA43: =YEAR(DATE(2023,6,8))-YEAR(CW43) -> 19
A44: Id43 | B44: Ms. | C44: Aha | D44: Nicole | T44: Id43 | U44: 38.06 | V44: 6.98 | W44: No | X44: No | Y44: No | Z44: 0 | AA44: yes | AV44: Id43 | AW44: 38.06 | AX44: 6.98 | AY44: No | AZ44: No | BA44: No | BB44: No major surgery | BC44: yes | BR44: 38.06 | BS44: {=_xlfn.IFS(BR44<18.5,"UNDER WEIGHT",BR44<=24.9,"NORMAL WEIGHT",BR44<=29.9,"OVER WEIGHT",BR44>=30,"OBESITY")} -> OBESITY | BV44: 6.98 | BW44: {=_xlfn.IFS(BV44<=5.7,"NORMAL",BV44<=6.4,"Prediabetes",BV44>=6.5,"Diabetes")} -> Diabetes | CJ44: Id2293 | CK44: 2004 | CL44: Jun | CM44: 11 | CN44: 0 | CO44: 1135.94 | CP44: tier - 3 | CQ44: tier - 3 | CR44: R1013 | CW44: =_xlfn.CONCAT(CM44,"/",CL44,"/",CK44) -> 11/Jun/2004 | CZ44: Id2293 | DA44: 2004 | DB44: Jun | DC44: 11 | DD44: 0 | DE44: 1135.94 | DF44: tier - 3 | DG44: tier - 3 | DH44: R1013 | DZ44: Id2293 | EA44: =YEAR(DATE(2023,6,8))-YEAR(CW44) -> 19
A45: Id44 | B45: Mr. | C45: McElwain | D45: Spencer | T45: Id44 | U45: 34.21 | V45: 8.34 | W45: No | X45: No | Y45: No | Z45: 0 | AA45: yes | AV45: Id44 | AW45: 34.21 | AX45: 8.34 | AY45: No | AZ45: No | BA45: No | BB45: No major surgery | BC45: yes | BR45: 34.21 | BS45: {=_xlfn.IFS(BR45<18.5,"UNDER WEIGHT",BR45<=24.9,"NORMAL WEIGHT",BR45<=29.9,"OVER WEIGHT",BR45>=30,"OBESITY")} -> OBESITY | BV45: 8.34 | BW45: {=_xlfn.IFS(BV45<=5.7,"NORMAL",BV45<=6.4,"Prediabetes",BV45>=6.5,"Diabetes")} -> Diabetes | CJ45: Id2292 | CK45: 2004 | CL45: Nov | CM45: 28 | CN45: 0 | CO45: 1136.4 | CP45: tier - 3 | CQ45: tier - 3 | CR45: R1013 | CW45: =_xlfn.CONCAT(CM45,"/",CL45,"/",CK45) -> 28/Nov/2004 | CZ45: Id2292 | DA45: 2004 | DB45: Nov | DC45: 28 | DD45: 0 | DE45: 1136.4 | DF45: tier - 3 | DG45: tier - 3 | DH45: R1013 | DZ45: Id2292 | EA45: =YEAR(DATE(2023,6,8))-YEAR(CW45) -> 19
A46: Id45 | B46: Mr. | C46: Januszewski | D46: Eric W | T46: Id45 | U46: 38.94 | V46: 8.49 | W46: yes | X46: No | Y46: No | Z46: 1 | AA46: yes | AV46: Id45 | AW46: 38.94 | AX46: 8.49 | AY46: yes | AZ46: No | BA46: No | BB46: 1 | BC46: yes | BR46: 38.94 | BS46: {=_xlfn.IFS(BR46<18.5,"UNDER WEIGHT",BR46<=24.9,"NORMAL WEIGHT",BR46<=29.9,"OVER WEIGHT",BR46>=30,"OBESITY")} -> OBESITY | BV46: 8.49 | BW46: {=_xlfn.IFS(BV46<=5.7,"NORMAL",BV46<=6.4,"Prediabetes",BV46>=6.5,"Diabetes")} -> Diabetes | CJ46: Id2291 | CK46: 2002 | CL46: Aug | CM46: 11 | CN46: 0 | CO46: 1137 | CP46: tier - 3 | CQ46: tier - 1 | CR46: R1013 | CW46: =_xlfn.CONCAT(CM46,"/",CL46,"/",CK46) -> 11/Aug/2002 | CZ46: Id2291 | DA46: 2002 | DB46: Aug | DC46: 11 | DD46: 0 | DE46: 1137 | DF46: tier - 3 | DG46: tier - 1 | DH46: R1013 | DZ46: Id2291 | EA46: =YEAR(DATE(2023,6,8))-YEAR(CW46) -> 21
A47: Id46 | B47: Ms. | C47: Rohne | D47: Brianna L | T47: Id46 | U47: 30.21 | V47: 5.34 | W47: yes | X47: No | Y47: No | Z47: 1 | AA47: yes | AV47: Id46 | AW47: 30.21 | AX47: 5.34 | AY47: yes | AZ47: No | BA47: No | BB47: 1 | BC47: yes | BR47: 30.21 | BS47: {=_xlfn.IFS(BR47<18.5,"UNDER WEIGHT",BR47<=24.9,"NORMAL WEIGHT",BR47<=29.9,"OVER WEIGHT",BR47>=30,"OBESITY")} -> OBESITY | BV47: 5.34 | BW47: {=_xlfn.IFS(BV47<=5.7,"NORMAL",BV47<=6.4,"Prediabetes",BV47>=6.5,"Diabetes")} -> NORMAL | CJ47: ? | CK47: 2004 | CL47: Nov | CM47: 6 | CN47: 0 | CO47: 1137.01 | CP47: tier - 3 | CQ47: tier - 1 | CR47: R1013 | CW47: =_xlfn.CONCAT(CM47,"/",CL47,"/",CK47) -> 6/Nov/2004 | CZ47: ? | DA47: 2004 | DB47: Nov | DC47: 6 | DD47: 0 | DE47: 1137.01 | DF47: tier - 3 | DG47: tier - 1 | DH47: R1013 | DZ47: ? | EA47: =YEAR(DATE(2023,6,8))-YEAR(CW47) -> 19
A48: Id47 | B48: Mr. | C48: O'Grady | D48: Thomas J. | T48: Id47 | U48: 33.63 | V48: 4.43 | W48: yes | X48: No | Y48: No | Z48: 2 | AA48: yes | AV48: Id47 | AW48: 33.63 | AX48: 4.43 | AY48: yes | AZ48: No | BA48: No | BB48: 2 | BC48: yes | BR48: 33.63 | BS48: {=_xlfn.IFS(BR48<18.5,"UNDER WEIGHT",BR48<=24.9,"NORMAL WEIGHT",BR48<=29.9,"OVER WEIGHT",BR48>=30,"OBESITY")} -> OBESITY | BV48: 4.43 | BW48: {=_xlfn.IFS(BV48<=5.7,"NORMAL",BV48<=6.4,"Prediabetes",BV48>=6.5,"Diabetes")} -> NORMAL | CJ48: Id2290 | CK48: 2004 | CL48: Oct | CM48: 15 | CN48: 0 | CO48: 1137.01 | CP48: tier - 3 | CQ48: tier - 1 | CR48: R1013 | CW48: =_xlfn.CONCAT(CM48,"/",CL48,"/",CK48) -> 15/Oct/2004 | CZ48: Id2290 | DA48: 2004 | DB48: Oct | DC48: 15 | DD48: 0 | DE48: 1137.01 | DF48: tier - 3 | DG48: tier - 1 | DH48: R1013 | DZ48: Id2290 | EA48: =YEAR(DATE(2023,6,8))-YEAR(CW48) -> 19
A49: Id48 | B49: Ms. | C49: Peters | D49: Melissa L | T49: Id48 | U49: 40.37 | V49: 4.47 | W49: No | X49: No | Y49: No | Z49: 0 | AA49: yes | AV49: Id48 | AW49: 40.37 | AX49: 4.47 | AY49: No | AZ49: No | BA49: No | BB49: No major surgery | BC49: yes | BR49: 40.37 | BS49: {=_xlfn.IFS(BR49<18.5,"UNDER WEIGHT",BR49<=24.9,"NORMAL WEIGHT",BR49<=29.9,"OVER WEIGHT",BR49>=30,"OBESITY")} -> OBESITY | BV49: 4.47 | BW49: {=_xlfn.IFS(BV49<=5.7,"NORMAL",BV49<=6.4,"Prediabetes",BV49>=6.5,"Diabetes")} -> NORMAL | CJ49: Id2289 | CK49: 2004 | CL49: Nov | CM49: 27 | CN49: 0 | CO49: 1137.47 | CP49: tier - 3 | CQ49: tier - 2 | CR49: R1013 | CW49: =_xlfn.CONCAT(CM49,"/",CL49,"/",CK49) -> 27/Nov/2004 | CZ49: Id2289 | DA49: 2004 | DB49: Nov | DC49: 27 | DD49: 0 | DE49: 1137.47 | DF49: tier - 3 | DG49: tier - 2 | DH49: R1013 | DZ49: Id2289 | EA49: =YEAR(DATE(2023,6,8))-YEAR(CW49) -> 19
A50: Id49 | B50: Mr. | C50: De Simone | D50: Flavio | T50: Id49 | U50: 53.09 | V50: 4.82 | W50: yes | X50: No | Y50: No | Z50: 2 | AA50: yes | AV50: Id49 | AW50: 53.09 | AX50: 4.82 | AY50: yes | AZ50: No | BA50: No | BB50: 2 | BC50: yes | BR50: 53.09 | BS50: {=_xlfn.IFS(BR50<18.5,"UNDER WEIGHT",BR50<=24.9,"NORMAL WEIGHT",BR50<=29.9,"OVER WEIGHT",BR50>=30,"OBESITY")} -> OBESITY | BV50: 4.82 | BW50: {=_xlfn.IFS(BV50<=5.7,"NORMAL",BV50<=6.4,"Prediabetes",BV50>=6.5,"Diabetes")} -> NORMAL | CJ50: Id2288 | CK50: 2001 | CL50: Oct | CM50: 25 | CN50: 0 | CO50: 1141 | CP50: tier - 3 | CQ50: tier - 1 | CR50: R1013 | CW50: =_xlfn.CONCAT(CM50,"/",CL50,"/",CK50) -> 25/Oct/2001 | CZ50: Id2288 | DA50: 2001 | DB50: Oct | DC50: 25 | DD50: 0 | DE50: 1141 | DF50: tier - 3 | DG50: tier - 1 | DH50: R1013 | DZ50: Id2288 | EA50: =YEAR(DATE(2023,6,8))-YEAR(CW50) -> 22
A51: Id50 | B51: Mr. | C51: Beckett | D51: Ryan | T51: Id50 | U51: 31.79 | V51: 5.51 | W51: yes | X51: No | Y51: No | Z51: 2 | AA51: yes | AV51: Id50 | AW51: 31.79 | AX51: 5.51 | AY51: yes | AZ51: No | BA51: No | BB51: 2 | BC51: yes | BR51: 31.79 | BS51: {=_xlfn.IFS(BR51<18.5,"UNDER WEIGHT",BR51<=24.9,"NORMAL WEIGHT",BR51<=29.9,"OVER WEIGHT",BR51>=30,"OBESITY")} -> OBESITY | BV51: 5.51 | BW51: {=_xlfn.IFS(BV51<=5.7,"NORMAL",BV51<=6.4,"Prediabetes",BV51>=6.5,"Diabetes")} -> NORMAL | CJ51: Id2287 | CK51: 2004 | CL51: Sep | CM51: 12 | CN51: 0 | CO51: 1141.45 | CP51: tier - 3 | CQ51: tier - 3 | CR51: R1013 | CW51: =_xlfn.CONCAT(CM51,"/",CL51,"/",CK51) -> 12/Sep/2004 | CZ51: Id2287 | DA51: 2004 | DB51: Sep | DC51: 12 | DD51: 0 | DE51: 1141.45 | DF51: tier - 3 | DG51: tier - 3 | DH51: R1013 | DZ51: Id2287 | EA51: =YEAR(DATE(2023,6,8))-YEAR(CW51) -> 19
A52: Id51 | B52: Mr. | C52: Sobrilsky | D52: Anthony J. | T52: Id51 | U52: 41.895 | V52: 10.87 | W52: yes | X52: No | Y52: No | Z52: 1 | AA52: yes | AV52: Id51 | AW52: 41.895 | AX52: 10.87 | AY52: yes | AZ52: No | BA52: No | BB52: 1 | BC52: yes | BR52: 41.895 | BS52: {=_xlfn.IFS(BR52<18.5,"UNDER WEIGHT",BR52<=24.9,"NORMAL WEIGHT",BR52<=29.9,"OVER WEIGHT",BR52>=30,"OBESITY")} -> OBESITY | BV52: 10.87 | BW52: {=_xlfn.IFS(BV52<=5.7,"NORMAL",BV52<=6.4,"Prediabetes",BV52>=6.5,"Diabetes")} -> Diabetes | CJ52: Id2286 | CK52: 2002 | CL52: Oct | CM52: 1 | CN52: 0 | CO52: 1142 | CP52: tier - 3 | CQ52: tier - 2 | CR52: R1011 | CW52: =_xlfn.CONCAT(CM52,"/",CL52,"/",CK52) -> 1/Oct/2002 | CZ52: Id2286 | DA52: 2002 | DB52: Oct | DC52: 1 | DD52: 0 | DE52: 1142 | DF52: tier - 3 | DG52: tier - 2 | DH52: R1011 | DZ52: Id2286 | EA52: =YEAR(DATE(2023,6,8))-YEAR(CW52) -> 21
A53: Id52 | B53: Ms. | C53: Wang | D53: Alex | T53: Id52 | U53: 31.16 | V53: 9.34 | W53: No | X53: No | Y53: No | Z53: 0 | AA53: yes | AV53: Id52 | AW53: 31.16 | AX53: 9.34 | AY53: No | AZ53: No | BA53: No | BB53: No major surgery | BC53: yes | BR53: 31.16 | BS53: {=_xlfn.IFS(BR53<18.5,"UNDER WEIGHT",BR53<=24.9,"NORMAL WEIGHT",BR53<=29.9,"OVER WEIGHT",BR53>=30,"OBESITY")} -> OBESITY | BV53: 9.34 | BW53: {=_xlfn.IFS(BV53<=5.7,"NORMAL",BV53<=6.4,"Prediabetes",BV53>=6.5,"Diabetes")} -> Diabetes | CJ53: Id2285 | CK53: 2004 | CL53: Jun | CM53: 10 | CN53: 0 | CO53: 1146.8 | CP53: tier - 2 | CQ53: tier - 2 | CR53: R1013 | CW53: =_xlfn.CONCAT(CM53,"/",CL53,"/",CK53) -> 10/Jun/2004 | CZ53: Id2285 | DA53: 2004 | DB53: Jun | DC53: 10 | DD53: 0 | DE53: 1146.8 | DF53: tier - 2 | DG53: tier - 2 | DH53: R1013 | DZ53: Id2285 | EA53: =YEAR(DATE(2023,6,8))-YEAR(CW53) -> 19
A54: Id53 | B54: Mr. | C54: Campa | D54: David | T54: Id53 | U54: 34.105 | V54: 5.03 | W54: yes | X54: No | Y54: Yes | Z54: 1 | AA54: yes | AV54: Id53 | AW54: 34.105 | AX54: 5.03 | AY54: yes | AZ54: No | BA54: Yes | BB54: 1 | BC54: yes | BR54: 34.105 | BS54: {=_xlfn.IFS(BR54<18.5,"UNDER WEIGHT",BR54<=24.9,"NORMAL WEIGHT",BR54<=29.9,"OVER WEIGHT",BR54>=30,"OBESITY")} -> OBESITY | BV54: 5.03 | BW54: {=_xlfn.IFS(BV54<=5.7,"NORMAL",BV54<=6.4,"Prediabetes",BV54>=6.5,"Diabetes")} -> NORMAL | CJ54: Id2284 | CK54: 2003 | CL54: Jun | CM54: 12 | CN54: 0 | CO54: 1149 | CP54: tier - 2 | CQ54: tier - 1 | CR54: R1012 | CW54: =_xlfn.CONCAT(CM54,"/",CL54,"/",CK54) -> 12/Jun/2003 | CZ54: Id2284 | DA54: 2003 | DB54: Jun | DC54: 12 | DD54: 0 | DE54: 1149 | DF54: tier - 2 | DG54: tier - 1 | DH54: R1012 | DZ54: Id2284 | EA54: =YEAR(DATE(2023,6,8))-YEAR(CW54) -> 20
A55: Id54 | B55: Mr. | C55: Clifford | D55: Andrew B | T55: Id54 | U55: 51.93 | V55: 11.05 | W55: No | X55: No | Y55: No | Z55: 0 | AA55: yes | AV55: Id54 | AW55: 51.93 | AX55: 11.05 | AY55: No | AZ55: No | BA55: No | BB55: No major surgery | BC55: yes | BR55: 51.93 | BS55: {=_xlfn.IFS(BR55<18.5,"UNDER WEIGHT",BR55<=24.9,"NORMAL WEIGHT",BR55<=29.9,"OVER WEIGHT",BR55>=30,"OBESITY")} -> OBESITY | BV55: 11.05 | BW55: {=_xlfn.IFS(BV55<=5.7,"NORMAL",BV55<=6.4,"Prediabetes",BV55>=6.5,"Diabetes")} -> Diabetes | CJ55: Id2283 | CK55: 2004 | CL55: Jul | CM55: 18 | CN55: 0 | CO55: 1149.4 | CP55: tier - 2 | CQ55: tier - 2 | CR55: R1013 | CW55: =_xlfn.CONCAT(CM55,"/",CL55,"/",CK55) -> 18/Jul/2004 | CZ55: Id2283 | DA55: 2004 | DB55: Jul | DC55: 18 | DD55: 0 | DE55: 1149.4 | DF55: tier - 2 | DG55: tier - 2 | DH55: R1013 | DZ55: Id2283 | EA55: =YEAR(DATE(2023,6,8))-YEAR(CW55) -> 19
A56: Id55 | B56: Ms. | C56: Dalmata | D56: Dara E | T56: Id55 | U56: 38.95 | V56: 11.95 | W56: No | X56: No | Y56: No | Z56: 0 | AA56: yes | AV56: Id55 | AW56: 38.95 | AX56: 11.95 | AY56: No | AZ56: No | BA56: No | BB56: No major surgery | BC56: yes | BR56: 38.95 | BS56: {=_xlfn.IFS(BR56<18.5,"UNDER WEIGHT",BR56<=24.9,"NORMAL WEIGHT",BR56<=29.9,"OVER WEIGHT",BR56>=30,"OBESITY")} -> OBESITY | BV56: 11.95 | BW56: {=_xlfn.IFS(BV56<=5.7,"NORMAL",BV56<=6.4,"Prediabetes",BV56>=6.5,"Diabetes")} -> Diabetes | CJ56: Id2282 | CK56: 1994 | CL56: Jul | CM56: 26 | CN56: 0 | CO56: 1158.32 | CP56: tier - 2 | CQ56: tier - 1 | CR56: R1013 | CW56: =_xlfn.CONCAT(CM56,"/",CL56,"/",CK56) -> 26/Jul/1994 | CZ56: Id2282 | DA56: 1994 | DB56: Jul | DC56: 26 | DD56: 0 | DE56: 1158.32 | DF56: tier - 2 | DG56: tier - 1 | DH56: R1013 | DZ56: Id2282 | EA56: =YEAR(DATE(2023,6,8))-YEAR(CW56) -> 29
A57: Id56 | B57: Ms. | C57: Vishik | D57: Inna | T57: Id56 | U57: 36.63 | V57: 7.72 | W57: yes | X57: No | Y57: No | Z57: 1 | AA57: yes | AV57: Id56 | AW57: 36.63 | AX57: 7.72 | AY57: yes | AZ57: No | BA57: No | BB57: 1 | BC57: yes | BR57: 36.63 | BS57: {=_xlfn.IFS(BR57<18.5,"UNDER WEIGHT",BR57<=24.9,"NORMAL WEIGHT",BR57<=29.9,"OVER WEIGHT",BR57>=30,"OBESITY")} -> OBESITY | BV57: 7.72 | BW57: {=_xlfn.IFS(BV57<=5.7,"NORMAL",BV57<=6.4,"Prediabetes",BV57>=6.5,"Diabetes")} -> Diabetes | CJ57: Id2281 | CK57: 2004 | CL57: Nov | CM57: 11 | CN57: 0 | CO57: 1163.46 | CP57: tier - 2 | CQ57: tier - 3 | CR57: R1013 | CW57: =_xlfn.CONCAT(CM57,"/",CL57,"/",CK57) -> 11/Nov/2004 | CZ57: Id2281 | DA57: 2004 | DB57: Nov | DC57: 11 | DD57: 0 | DE57: 1163.46 | DF57: tier - 2 | DG57: tier - 3 | DH57: R1013 | DZ57: Id2281 | EA57: =YEAR(DATE(2023,6,8))-YEAR(CW57) -> 19
A58: Id57 | B58: Mr. | C58: Schorr | D58: Ari | T58: Id57 | U58: 34.2 | V58: 5.75 | W58: No | X58: No | Y58: No | Z58: 2 | AA58: yes | AV58: Id57 | AW58: 34.2 | AX58: 5.75 | AY58: No | AZ58: No | BA58: No | BB58: 2 | BC58: yes | BR58: 34.2 | BS58: {=_xlfn.IFS(BR58<18.5,"UNDER WEIGHT",BR58<=24.9,"NORMAL WEIGHT",BR58<=29.9,"OVER WEIGHT",BR58>=30,"OBESITY")} -> OBESITY | BV58: 5.75 | BW58: {=_xlfn.IFS(BV58<=5.7,"NORMAL",BV58<=6.4,"Prediabetes",BV58>=6.5,"Diabetes")} -> Prediabetes | CJ58: Id2280 | CK58: 2002 | CL58: Jun | CM58: 11 | CN58: 0 | CO58: 1165 | CP58: tier - 2 | CQ58: tier - 3 | CR58: R1012 | CW58: =_xlfn.CONCAT(CM58,"/",CL58,"/",CK58) -> 11/Jun/2002 | CZ58: Id2280 | DA58: 2002 | DB58: Jun | DC58: 11 | DD58: 0 | DE58: 1165 | DF58: tier - 2 | DG58: tier - 3 | DH58: R1012 | DZ58: Id2280 | EA58: =YEAR(DATE(2023,6,8))-YEAR(CW58) -> 21
A59: Id58 | B59: Ms. | C59: Lusardi | D59: Lindsey | T59: Id58 | U59: 50.63 | V59: 11.89 | W59: No | X59: No | Y59: No | Z59: 0 | AA59: yes | AV59: Id58 | AW59: 50.63 | AX59: 11.89 | AY59: No | AZ59: No | BA59: No | BB59: No major surgery | BC59: yes | BR59: 50.63 | BS59: {=_xlfn.IFS(BR59<18.5,"UNDER WEIGHT",BR59<=24.9,"NORMAL WEIGHT",BR59<=29.9,"OVER WEIGHT",BR59>=30,"OBESITY")} -> OBESITY | BV59: 11.89 | BW59: {=_xlfn.IFS(BV59<=5.7,"NORMAL",BV59<=6.4,"Prediabetes",BV59>=6.5,"Diabetes")} -> Diabetes | CJ59: Id2279 | CK59: 2001 | CL59: Nov | CM59: 12 | CN59: 0 | CO59: 1167 | CP59: tier - 2 | CQ59: tier - 1 | CR59: R1013 | CW59: =_xlfn.CONCAT(CM59,"/",CL59,"/",CK59) -> 12/Nov/2001 | CZ59: Id2279 | DA59: 2001 | DB59: Nov | DC59: 12 | DD59: 0 | DE59: 1167 | DF59: tier - 2 | DG59: tier - 1 | DH59: R1013 | DZ59: Id2279 | EA59: =YEAR(DATE(2023,6,8))-YEAR(CW59) -> 22
A60: Id59 | B60: Mr. | C60: Rayner | D60: Kenny | T60: Id59 | U60: 36.48 | V60: 6.2 | W60: No | X60: No | Y60: No | Z60: 0 | AA60: yes | AV60: Id59 | AW60: 36.48 | AX60: 6.2 | AY60: No | AZ60: No | BA60: No | BB60: No major surgery | BC60: yes | BR60: 36.48 | BS60: {=_xlfn.IFS(BR60<18.5,"UNDER WEIGHT",BR60<=24.9,"NORMAL WEIGHT",BR60<=29.9,"OVER WEIGHT",BR60>=30,"OBESITY")} -> OBESITY | BV60: 6.2 | BW60: {=_xlfn.IFS(BV60<=5.7,"NORMAL",BV60<=6.4,"Prediabetes",BV60>=6.5,"Diabetes")} -> Prediabetes | CJ60: Id2278 | CK60: 1996 | CL60: Aug | CM60: 11 | CN60: 0 | CO60: 1178 | CP60: tier - 2 | CQ60: tier - 3 | CR60: R1013 | CW60: =_xlfn.CONCAT(CM60,"/",CL60,"/",CK60) -> 11/Aug/1996 | CZ60: Id2278 | DA60: 1996 | DB60: Aug | DC60: 11 | DD60: 0 | DE60: 1178 | DF60: tier - 2 | DG60: tier - 3 | DH60: R1013 | DZ60: Id2278 | EA60: =YEAR(DATE(2023,6,8))-YEAR(CW60) -> 27
A61: Id60 | B61: Ms. | C61: Voghel | D61: Louise | T61: Id60 | U61: 54.82 | V61: 10.61 | W61: No | X61: No | Y61: No | Z61: 0 | AA61: yes | AV61: Id60 | AW61: 54.82 | AX61: 10.61 | AY61: No | AZ61: No | BA61: No | BB61: No major surgery | BC61: yes | BR61: 54.82 | BS61: {=_xlfn.IFS(BR61<18.5,"UNDER WEIGHT",BR61<=24.9,"NORMAL WEIGHT",BR61<=29.9,"OVER WEIGHT",BR61>=30,"OBESITY")} -> OBESITY | BV61: 10.61 | BW61: {=_xlfn.IFS(BV61<=5.7,"NORMAL",BV61<=6.4,"Prediabetes",BV61>=6.5,"Diabetes")} -> Diabetes | CJ61: Id2277 | CK61: 1997 | CL61: Jun | CM61: 28 | CN61: 0 | CO61: 1178.07 | CP61: tier - 2 | CQ61: tier - 2 | CR61: R1013 | CW61: =_xlfn.CONCAT(CM61,"/",CL61,"/",CK61) -> 28/Jun/1997 | CZ61: Id2277 | DA61: 1997 | DB61: Jun | DC61: 28 | DD61: 0 | DE61: 1178.07 | DF61: tier - 2 | DG61: tier - 2 | DH61: R1013 | DZ61: Id2277 | EA61: =YEAR(DATE(2023,6,8))-YEAR(CW61) -> 26
A62: Id61 | B62: Mr. | C62: Rieth | D62: Cameron | T62: Id61 | U62: 38.06 | V62: 6.04 | W62: No | X62: No | Y62: Yes | Z62: 1 | AA62: yes | AV62: Id61 | AW62: 38.06 | AX62: 6.04 | AY62: No | AZ62: No | BA62: Yes | BB62: 1 | BC62: yes | BR62: 38.06 | BS62: {=_xlfn.IFS(BR62<18.5,"UNDER WEIGHT",BR62<=24.9,"NORMAL WEIGHT",BR62<=29.9,"OVER WEIGHT",BR62>=30,"OBESITY")} -> OBESITY | BV62: 6.04 | BW62: {=_xlfn.IFS(BV62<=5.7,"NORMAL",BV62<=6.4,"Prediabetes",BV62>=6.5,"Diabetes")} -> Prediabetes | CJ62: Id2276 | CK62: 2002 | CL62: Aug | CM62: 26 | CN62: 0 | CO62: 1191 | CP62: tier - 2 | CQ62: tier - 1 | CR62: R1013 | CW62: =_xlfn.CONCAT(CM62,"/",CL62,"/",CK62) -> 26/Aug/2002 | CZ62: Id2276 | DA62: 2002 | DB62: Aug | DC62: 26 | DD62: 0 | DE62: 1191 | DF62: tier - 2 | DG62: tier - 1 | DH62: R1013 | DZ62: Id2276 | EA62: =YEAR(DATE(2023,6,8))-YEAR(CW62) -> 21
A63: Id62 | B63: Ms. | C63: Gollotto | D63: Katie T. | T63: Id62 | U63: 51.48 | V63: 9.33 | W63: yes | X63: No | Y63: No | Z63: 0 | AA63: yes | AV63: Id62 | AW63: 51.48 | AX63: 9.33 | AY63: yes | AZ63: No | BA63: No | BB63: No major surgery | BC63: yes | BR63: 51.48 | BS63: {=_xlfn.IFS(BR63<18.5,"UNDER WEIGHT",BR63<=24.9,"NORMAL WEIGHT",BR63<=29.9,"OVER WEIGHT",BR63>=30,"OBESITY")} -> OBESITY | BV63: 9.33 | BW63: {=_xlfn.IFS(BV63<=5.7,"NORMAL",BV63<=6.4,"Prediabetes",BV63>=6.5,"Diabetes")} -> Diabetes | CJ63: Id2275 | CK63: 1999 | CL63: Jun | CM63: 28 | CN63: 0 | CO63: 1200 | CP63: tier - 2 | CQ63: tier - 3 | CR63: R1012 | CW63: =_xlfn.CONCAT(CM63,"/",CL63,"/",CK63) -> 28/Jun/1999 | CZ63: Id2275 | DA63: 1999 | DB63: Jun | DC63: 28 | DD63: 0 | DE63: 1200 | DF63: tier - 2 | DG63: tier - 3 | DH63: R1012 | DZ63: Id2275 | EA63: =YEAR(DATE(2023,6,8))-YEAR(CW63) -> 24
A64: Id63 | B64: Ms. | C64: Dunn | D64: Casey | T64: Id63 | U64: 52.06 | V64: 11.47 | W64: No | X64: No | Y64: No | Z64: 0 | AA64: yes | AV64: Id63 | AW64: 52.06 | AX64: 11.47 | AY64: No | AZ64: No | BA64: No | BB64: No major surgery | BC64: yes | BR64: 52.06 | BS64: {=_xlfn.IFS(BR64<18.5,"UNDER WEIGHT",BR64<=24.9,"NORMAL WEIGHT",BR64<=29.9,"OVER WEIGHT",BR64>=30,"OBESITY")} -> OBESITY | BV64: 11.47 | BW64: {=_xlfn.IFS(BV64<=5.7,"NORMAL",BV64<=6.4,"Prediabetes",BV64>=6.5,"Diabetes")} -> Diabetes | CJ64: Id2274 | CK64: 1992 | CL64: Oct | CM64: 6 | CN64: 0 | CO64: 1200.55 | CP64: tier - 2 | CQ64: tier - 3 | CR64: R1013 | CW64: =_xlfn.CONCAT(CM64,"/",CL64,"/",CK64) -> 6/Oct/1992 | CZ64: Id2274 | DA64: 1992 | DB64: Oct | DC64: 6 | DD64: 0 | DE64: 1200.55 | DF64: tier - 2 | DG64: tier - 3 | DH64: R1013 | DZ64: Id2274 | EA64: =YEAR(DATE(2023,6,8))-YEAR(CW64) -> 31
A65: Id64 | B65: Mr. | C65: Blitzer | D65: David | T65: Id64 | U65: 30.685 | V65: 7.02 | W65: yes | X65: No | Y65: No | Z65: 0 | AA65: yes | AV65: Id64 | AW65: 30.685 | AX65: 7.02 | AY65: yes | AZ65: No | BA65: No | BB65: No major surgery | BC65: yes | BR65: 30.685 | BS65: {=_xlfn.IFS(BR65<18.5,"UNDER WEIGHT",BR65<=24.9,"NORMAL WEIGHT",BR65<=29.9,"OVER WEIGHT",BR65>=30,"OBESITY")} -> OBESITY | BV65: 7.02 | BW65: {=_xlfn.IFS(BV65<=5.7,"NORMAL",BV65<=6.4,"Prediabetes",BV65>=6.5,"Diabetes")} -> Diabetes | CJ65: Id2273 | CK65: 2004 | CL65: Jun | CM65: 2 | CN65: 0 | CO65: 1210 | CP65: tier - 2 | CQ65: tier - 1 | CR65: R1013 | CW65: =_xlfn.CONCAT(CM65,"/",CL65,"/",CK65) -> 2/Jun/2004 | CZ65: Id2273 | DA65: 2004 | DB65: Jun | DC65: 2 | DD65: 0 | DE65: 1210 | DF65: tier - 2 | DG65: tier - 1 | DH65: R1013 | DZ65: Id2273 | EA65: =YEAR(DATE(2023,6,8))-YEAR(CW65) -> 19
A66: Id65 | B66: Mr. | C66: Smith | D66: Bryson C. | T66: Id65 | U66: 36.08 | V66: 8.8 | W66: yes | X66: No | Y66: No | Z66: 1 | AA66: yes | AV66: Id65 | AW66: 36.08 | AX66: 8.8 | AY66: yes | AZ66: No | BA66: No | BB66: 1 | BC66: yes | BR66: 36.08 | BS66: {=_xlfn.IFS(BR66<18.5,"UNDER WEIGHT",BR66<=24.9,"NORMAL WEIGHT",BR66<=29.9,"OVER WEIGHT",BR66>=30,"OBESITY")} -> OBESITY | BV66: 8.8 | BW66: {=_xlfn.IFS(BV66<=5.7,"NORMAL",BV66<=6.4,"Prediabetes",BV66>=6.5,"Diabetes")} -> Diabetes | CJ66: Id2272 | CK66: 1996 | CL66: Nov | CM66: 4 | CN66: 0 | CO66: 1220 | CP66: tier - 2 | CQ66: tier - 3 | CR66: R1012 | CW66: =_xlfn.CONCAT(CM66,"/",CL66,"/",CK66) -> 4/Nov/1996 | CZ66: Id2272 | DA66: 1996 | DB66: Nov | DC66: 4 | DD66: 0 | DE66: 1220 | DF66: tier - 2 | DG66: tier - 3 | DH66: R1012 | DZ66: Id2272 | EA66: =YEAR(DATE(2023,6,8))-YEAR(CW66) -> 27
A67: Id66 | B67: Ms. | C67: Hyland | D67: Megan | T67: Id66 | U67: 54.99 | V67: 8.68 | W67: No | X67: No | Y67: No | Z67: 2 | AA67: yes | AV67: Id66 | AW67: 54.99 | AX67: 8.68 | AY67: No | AZ67: No | BA67: No | BB67: 2 | BC67: yes | BR67: 54.99 | BS67: {=_xlfn.IFS(BR67<18.5,"UNDER WEIGHT",BR67<=24.9,"NORMAL WEIGHT",BR67<=29.9,"OVER WEIGHT",BR67>=30,"OBESITY")} -> OBESITY | BV67: 8.68 | BW67: {=_xlfn.IFS(BV67<=5.7,"NORMAL",BV67<=6.4,"Prediabetes",BV67>=6.5,"Diabetes")} -> Diabetes | CJ67: Id2271 | CK67: 2004 | CL67: Jul | CM67: 9 | CN67: 0 | CO67: 1224 | CP67: tier - 2 | CQ67: tier - 1 | CR67: R1013 | CW67: =_xlfn.CONCAT(CM67,"/",CL67,"/",CK67) -> 9/Jul/2004 | CZ67: Id2271 | DA67: 2004 | DB67: Jul | DC67: 9 | DD67: 0 | DE67: 1224 | DF67: tier - 2 | DG67: tier - 1 | DH67: R1013 | DZ67: Id2271 | EA67: =YEAR(DATE(2023,6,8))-YEAR(CW67) -> 19
A68: Id67 | B68: Mr. | C68: Ducharme | D68: Daniel | T68: Id67 | U68: 35.97 | V68: 6.12 | W68: No | X68: No | Y68: Yes | Z68: 1 | AA68: yes | AV68: Id67 | AW68: 35.97 | AX68: 6.12 | AY68: No | AZ68: No | BA68: Yes | BB68: 1 | BC68: yes | BR68: 35.97 | BS68: {=_xlfn.IFS(BR68<18.5,"UNDER WEIGHT",BR68<=24.9,"NORMAL WEIGHT",BR68<=29.9,"OVER WEIGHT",BR68>=30,"OBESITY")} -> OBESITY | BV68: 6.12 | BW68: {=_xlfn.IFS(BV68<=5.7,"NORMAL",BV68<=6.4,"Prediabetes",BV68>=6.5,"Diabetes")} -> Prediabetes | CJ68: Id2270 | CK68: 2004 | CL68: Oct | CM68: 16 | CN68: 0 | CO68: 1228 | CP68: tier - 2 | CQ68: tier - 1 | CR68: R1012 | CW68: =_xlfn.CONCAT(CM68,"/",CL68,"/",CK68) -> 16/Oct/2004 | CZ68: Id2270 | DA68: 2004 | DB68: Oct | DC68: 16 | DD68: 0 | DE68: 1228 | DF68: tier - 2 | DG68: tier - 1 | DH68: R1012 | DZ68: Id2270 | EA68: =YEAR(DATE(2023,6,8))-YEAR(CW68) -> 19
A69: Id68 | B69: Mr. | C69: Johnson | D69: Steven M. | T69: Id68 | U69: 45.54 | V69: 5.4 | W69: yes | X69: No | Y69: Yes | Z69: 1 | AA69: yes | AV69: Id68 | AW69: 45.54 | AX69: 5.4 | AY69: yes | AZ69: No | BA69: Yes | BB69: 1 | BC69: yes | BR69: 45.54 | BS69: {=_xlfn.IFS(BR69<18.5,"UNDER WEIGHT",BR69<=24.9,"NORMAL WEIGHT",BR69<=29.9,"OVER WEIGHT",BR69>=30,"OBESITY")} -> OBESITY | BV69: 5.4 | BW69: {=_xlfn.IFS(BV69<=5.7,"NORMAL",BV69<=6.4,"Prediabetes",BV69>=6.5,"Diabetes")} -> NORMAL | CJ69: Id2269 | CK69: 1998 | CL69: Jul | CM69: 13 | CN69: 0 | CO69: 1234 | CP69: tier - 2 | CQ69: tier - 1 | CR69: R1013 | CW69: =_xlfn.CONCAT(CM69,"/",CL69,"/",CK69) -> 13/Jul/1998 | CZ69: Id2269 | DA69: 1998 | DB69: Jul | DC69: 13 | DD69: 0 | DE69: 1234 | DF69: tier - 2 | DG69: tier - 1 | DH69: R1013 | DZ69: Id2269 | EA69: =YEAR(DATE(2023,6,8))-YEAR(CW69) -> 25
A70: Id69 | B70: Ms. | C70: Mutz | D70: Jenna L. | T70: Id69 | U70: 35.53 | V70: 4.36 | W70: yes | X70: No | Y70: No | Z70: 0 | AA70: yes | AV70: Id69 | AW70: 35.53 | AX70: 4.36 | AY70: yes | AZ70: No | BA70: No | BB70: No major surgery | BC70: yes | BR70: 35.53 | BS70: {=_xlfn.IFS(BR70<18.5,"UNDER WEIGHT",BR70<=24.9,"NORMAL WEIGHT",BR70<=29.9,"OVER WEIGHT",BR70>=30,"OBESITY")} -> OBESITY | BV70: 4.36 | BW70: {=_xlfn.IFS(BV70<=5.7,"NORMAL",BV70<=6.4,"Prediabetes",BV70>=6.5,"Diabetes")} -> NORMAL | CJ70: Id2268 | CK70: 2002 | CL70: Dec | CM70: 12 | CN70: 0 | CO70: 1237 | CP70: tier - 2 | CQ70: tier - 2 | CR70: R1013 | CW70: =_xlfn.CONCAT(CM70,"/",CL70,"/",CK70) -> 12/Dec/2002 | CZ70: Id2268 | DA70: 2002 | DB70: Dec | DC70: 12 | DD70: 0 | DE70: 1237 | DF70: tier - 2 | DG70: tier - 2 | DH70: R1013 | DZ70: Id2268 | EA70: =YEAR(DATE(2023,6,8))-YEAR(CW70) -> 21
A71: Id70 | B71: Mr. | C71: Lee | D71: Freeman | T71: Id70 | U71: 30.8 | V71: 9.77 | W71: No | X71: No | Y71: No | Z71: 0 | AA71: yes | AV71: Id70 | AW71: 30.8 | AX71: 9.77 | AY71: No | AZ71: No | BA71: No | BB71: No major surgery | BC71: yes | BR71: 30.8 | BS71: {=_xlfn.IFS(BR71<18.5,"UNDER WEIGHT",BR71<=24.9,"NORMAL WEIGHT",BR71<=29.9,"OVER WEIGHT",BR71>=30,"OBESITY")} -> OBESITY | BV71: 9.77 | BW71: {=_xlfn.IFS(BV71<=5.7,"NORMAL",BV71<=6.4,"Prediabetes",BV71>=6.5,"Diabetes")} -> Diabetes | CJ71: Id2267 | CK71: 1998 | CL71: Oct | CM71: 11 | CN71: 0 | CO71: 1240 | CP71: tier - 2 | CQ71: tier - 1 | CR71: R1012 | CW71: =_xlfn.CONCAT(CM71,"/",CL71,"/",CK71) -> 11/Oct/1998 | CZ71: Id2267 | DA71: 1998 | DB71: Oct | DC71: 11 | DD71: 0 | DE71: 1240 | DF71: tier - 2 | DG71: tier - 1 | DH71: R1012 | DZ71: Id2267 | EA71: =YEAR(DATE(2023,6,8))-YEAR(CW71) -> 25
A72: Id71 | B72: Mr. | C72: Turner | D72: Jeff | T72: Id71 | U72: 38.39 | V72: 4.25 | W72: No | X72: No | Y72: No | Z72: 1 | AA72: yes | AV72: Id71 | AW72: 38.39 | AX72: 4.25 | AY72: No | AZ72: No | BA72: No | BB72: 1 | BC72: yes | BR72: 38.39 | BS72: {=_xlfn.IFS(BR72<18.5,"UNDER WEIGHT",BR72<=24.9,"NORMAL WEIGHT",BR72<=29.9,"OVER WEIGHT",BR72>=30,"OBESITY")} -> OBESITY | BV72: 4.25 | BW72: {=_xlfn.IFS(BV72<=5.7,"NORMAL",BV72<=6.4,"Prediabetes",BV72>=6.5,"Diabetes")} -> NORMAL | CJ72: Id2266 | CK72: 2002 | CL72: Jul | CM72: 1 | CN72: 0 | CO72: 1241 | CP72: tier - 2 | CQ72: tier - 2 | CR72: R1013 | CW72: =_xlfn.CONCAT(CM72,"/",CL72,"/",CK72) -> 1/Jul/2002 | CZ72: Id2266 | DA72: 2002 | DB72: Jul | DC72: 1 | DD72: 0 | DE72: 1241 | DF72: tier - 2 | DG72: tier - 2 | DH72: R1013 | DZ72: Id2266 | EA72: =YEAR(DATE(2023,6,8))-YEAR(CW72) -> 21
A73: Id72 | B73: Mr. | C73: Rangel | D73: Elenilton V. Sr. | T73: Id72 | U73: 32.3 | V73: 4.76 | W73: No | X73: No | Y73: No | Z73: 2 | AA73: yes | AV73: Id72 | AW73: 32.3 | AX73: 4.76 | AY73: No | AZ73: No | BA73: No | BB73: 2 | BC73: yes | BR73: 32.3 | BS73: {=_xlfn.IFS(BR73<18.5,"UNDER WEIGHT",BR73<=24.9,"NORMAL WEIGHT",BR73<=29.9,"OVER WEIGHT",BR73>=30,"OBESITY")} -> OBESITY | BV73: 4.76 | BW73: {=_xlfn.IFS(BV73<=5.7,"NORMAL",BV73<=6.4,"Prediabetes",BV73>=6.5,"Diabetes")} -> NORMAL | CJ73: Id2265 | CK73: 2003 | CL73: Aug | CM73: 2 | CN73: 0 | CO73: 1241.57 | CP73: tier - 2 | CQ73: tier - 2 | CR73: R1011 | CW73: =_xlfn.CONCAT(CM73,"/",CL73,"/",CK73) -> 2/Aug/2003 | CZ73: Id2265 | DA73: 2003 | DB73: Aug | DC73: 2 | DD73: 0 | DE73: 1241.57 | DF73: tier - 2 | DG73: tier - 2 | DH73: R1011 | DZ73: Id2265 | EA73: =YEAR(DATE(2023,6,8))-YEAR(CW73) -> 20
A74: Id73 | B74: Ms. | C74: Lacey | D74: Maurya | T74: Id73 | U74: 48.8 | V74: 6.22 | W74: yes | X74: No | Y74: No | Z74: 2 | AA74: yes | AV74: Id73 | AW74: 48.8 | AX74: 6.22 | AY74: yes | AZ74: No | BA74: No | BB74: 2 | BC74: yes | BR74: 48.8 | BS74: {=_xlfn.IFS(BR74<18.5,"UNDER WEIGHT",BR74<=24.9,"NORMAL WEIGHT",BR74<=29.9,"OVER WEIGHT",BR74>=30,"OBESITY")} -> OBESITY | BV74: 6.22 | BW74: {=_xlfn.IFS(BV74<=5.7,"NORMAL",BV74<=6.4,"Prediabetes",BV74>=6.5,"Diabetes")} -> Prediabetes | CJ74: Id2264 | CK74: 2003 | CL74: Sep | CM74: 15 | CN74: 0 | CO74: 1242.26 | CP74: tier - 2 | CQ74: tier - 1 | CR74: R1011 | CW74: =_xlfn.CONCAT(CM74,"/",CL74,"/",CK74) -> 15/Sep/2003 | CZ74: Id2264 | DA74: 2003 | DB74: Sep | DC74: 15 | DD74: 0 | DE74: 1242.26 | DF74: tier - 2 | DG74: tier - 1 | DH74: R1011 | DZ74: Id2264 | EA74: =YEAR(DATE(2023,6,8))-YEAR(CW74) -> 20
A75: Id74 | B75: Ms. | C75: Stiger | D75: Samantha C | T75: Id74 | U75: 45.5 | V75: 7.96 | W75: No | X75: No | Y75: No | Z75: 0 | AA75: yes | AV75: Id74 | AW75: 45.5 | AX75: 7.96 | AY75: No | AZ75: No | BA75: No | BB75: No major surgery | BC75: yes | BR75: 45.5 | BS75: {=_xlfn.IFS(BR75<18.5,"UNDER WEIGHT",BR75<=24.9,"NORMAL WEIGHT",BR75<=29.9,"OVER WEIGHT",BR75>=30,"OBESITY")} -> OBESITY | BV75: 7.96 | BW75: {=_xlfn.IFS(BV75<=5.7,"NORMAL",BV75<=6.4,"Prediabetes",BV75>=6.5,"Diabetes")} -> Diabetes | CJ75: Id2263 | CK75: 2003 | CL75: Sep | CM75: 8 | CN75: 0 | CO75: 1242.82 | CP75: tier - 2 | CQ75: tier - 1 | CR75: R1011 | CW75: =_xlfn.CONCAT(CM75,"/",CL75,"/",CK75) -> 8/Sep/2003 | CZ75: Id2263 | DA75: 2003 | DB75: Sep | DC75: 8 | DD75: 0 | DE75: 1242.82 | DF75: tier - 2 | DG75: tier - 1 | DH75: R1011 | DZ75: Id2263 | EA75: =YEAR(DATE(2023,6,8))-YEAR(CW75) -> 20
A76: Id75 | B76: Ms. | C76: Caldwell | D76: Bethany A | T76: Id75 | U76: 53.61 | V76: 10.92 | W76: yes | X76: No | Y76: No | Z76: 1 | AA76: yes | AV76: Id75 | AW76: 53.61 | AX76: 10.92 | AY76: yes | AZ76: No | BA76: No | BB76: 1 | BC76: yes | BR76: 53.61 | BS76: {=_xlfn.IFS(BR76<18.5,"UNDER WEIGHT",BR76<=24.9,"NORMAL WEIGHT",BR76<=29.9,"OVER WEIGHT",BR76>=30,"OBESITY")} -> OBESITY | BV76: 10.92 | BW76: {=_xlfn.IFS(BV76<=5.7,"NORMAL",BV76<=6.4,"Prediabetes",BV76>=6.5,"Diabetes")} -> Diabetes | CJ76: Id2262 | CK76: 2003 | CL76: Sep | CM76: 15 | CN76: 0 | CO76: 1252.41 | CP76: tier - 2 | CQ76: tier - 3 | CR76: R1011 | CW76: =_xlfn.CONCAT(CM76,"/",CL76,"/",CK76) -> 15/Sep/2003 | CZ76: Id2262 | DA76: 2003 | DB76: Sep | DC76: 15 | DD76: 0 | DE76: 1252.41 | DF76: tier - 2 | DG76: tier - 3 | DH76: R1011 | DZ76: Id2262 | EA76: =YEAR(DATE(2023,6,8))-YEAR(CW76) -> 20
A77: Id76 | B77: Mr. | C77: Marmillod | D77: Yves | T77: Id76 | U77: 36.19 | V77: 11.51 | W77: yes | X77: No | Y77: No | Z77: 1 | AA77: yes | AV77: Id76 | AW77: 36.19 | AX77: 11.51 | AY77: yes | AZ77: No | BA77: No | BB77: 1 | BC77: yes | BR77: 36.19 | BS77: {=_xlfn.IFS(BR77<18.5,"UNDER WEIGHT",BR77<=24.9,"NORMAL WEIGHT",BR77<=29.9,"OVER WEIGHT",BR77>=30,"OBESITY")} -> OBESITY | BV77: 11.51 | BW77: {=_xlfn.IFS(BV77<=5.7,"NORMAL",BV77<=6.4,"Prediabetes",BV77>=6.5,"Diabetes")} -> Diabetes | CJ77: Id2261 | CK77: 1997 | CL77: Nov | CM77: 4 | CN77: 0 | CO77: 1253 | CP77: tier - 2 | CQ77: tier - 2 | CR77: R1013 | CW77: =_xlfn.CONCAT(CM77,"/",CL77,"/",CK77) -> 4/Nov/1997 | CZ77: Id2261 | DA77: 1997 | DB77: Nov | DC77: 4 | DD77: 0 | DE77: 1253 | DF77: tier - 2 | DG77: tier - 2 | DH77: R1013 | DZ77: Id2261 | EA77: =YEAR(DATE(2023,6,8))-YEAR(CW77) -> 26
A78: Id77 | B78: Ms. | C78: Cloutier-Simons | D78: Danielle | T78: Id77 | U78: 34.6 | V78: 5.99 | W78: yes | X78: No | Y78: No | Z78: 0 | AA78: yes | AV78: Id77 | AW78: 34.6 | AX78: 5.99 | AY78: yes | AZ78: No | BA78: No | BB78: No major surgery | BC78: yes | BR78: 34.6 | BS78: {=_xlfn.IFS(BR78<18.5,"UNDER WEIGHT",BR78<=24.9,"NORMAL WEIGHT",BR78<=29.9,"OVER WEIGHT",BR78>=30,"OBESITY")} -> OBESITY | BV78: 5.99 | BW78: {=_xlfn.IFS(BV78<=5.7,"NORMAL",BV78<=6.4,"Prediabetes",BV78>=6.5,"Diabetes")} -> Prediabetes | CJ78: Id2260 | CK78: 2003 | CL78: Dec | CM78: 10 | CN78: 0 | CO78: 1253.94 | CP78: tier - 2 | CQ78: tier - 2 | CR78: R1011 | CW78: =_xlfn.CONCAT(CM78,"/",CL78,"/",CK78) -> 10/Dec/2003 | CZ78: Id2260 | DA78: 2003 | DB78: Dec | DC78: 10 | DD78: 0 | DE78: 1253.94 | DF78: tier - 2 | DG78: tier - 2 | DH78: R1011 | DZ78: Id2260 | EA78: =YEAR(DATE(2023,6,8))-YEAR(CW78) -> 20
A79: Id78 | B79: Ms. | C79: Vegas | D79: Julia | T79: Id78 | U79: 54.12 | V79: 11.57 | W79: No | X79: No | Y79: No | Z79: 0 | AA79: yes | AV79: Id78 | AW79: 54.12 | AX79: 11.57 | AY79: No | AZ79: No | BA79: No | BB79: No major surgery | BC79: yes | BR79: 54.12 | BS79: {=_xlfn.IFS(BR79<18.5,"UNDER WEIGHT",BR79<=24.9,"NORMAL WEIGHT",BR79<=29.9,"OVER WEIGHT",BR79>=30,"OBESITY")} -> OBESITY | BV79: 11.57 | BW79: {=_xlfn.IFS(BV79<=5.7,"NORMAL",BV79<=6.4,"Prediabetes",BV79>=6.5,"Diabetes")} -> Diabetes | CJ79: Id2259 | CK79: 2003 | CL79: Oct | CM79: 13 | CN79: 0 | CO79: 1256.3 | CP79: tier - 2 | CQ79: tier - 3 | CR79: R1011 | CW79: =_xlfn.CONCAT(CM79,"/",CL79,"/",CK79) -> 13/Oct/2003 | CZ79: Id2259 | DA79: 2003 | DB79: Oct | DC79: 13 | DD79: 0 | DE79: 1256.3 | DF79: tier - 2 | DG79: tier - 3 | DH79: R1011 | DZ79: Id2259 | EA79: =YEAR(DATE(2023,6,8))-YEAR(CW79) -> 20
A80: Id79 | B80: Mr. | C80: Cochran | D80: Joshua | T80: Id79 | U80: 48.82 | V80: 6.67 | W80: yes | X80: No | Y80: No | Z80: 0 | AA80: yes | AV80: Id79 | AW80: 48.82 | AX80: 6.67 | AY80: yes | AZ80: No | BA80: No | BB80: No major surgery | BC80: yes | BR80: 48.82 | BS80: {=_xlfn.IFS(BR80<18.5,"UNDER WEIGHT",BR80<=24.9,"NORMAL WEIGHT",BR80<=29.9,"OVER WEIGHT",BR80>=30,"OBESITY")} -> OBESITY | BV80: 6.67 | BW80: {=_xlfn.IFS(BV80<=5.7,"NORMAL",BV80<=6.4,"Prediabetes",BV80>=6.5,"Diabetes")} -> Diabetes | CJ80: Id2258 | CK80: 2003 | CL80: Oct | CM80: 30 | CN80: 0 | CO80: 1261.44 | CP80: tier - 2 | CQ80: tier - 3 | CR80: R1011 | CW80: =_xlfn.CONCAT(CM80,"/",CL80,"/",CK80) -> 30/Oct/2003 | CZ80: Id2258 | DA80: 2003 | DB80: Oct | DC80: 30 | DD80: 0 | DE80: 1261.44 | DF80: tier - 2 | DG80: tier - 3 | DH80: R1011 | DZ80: Id2258 | EA80: =YEAR(DATE(2023,6,8))-YEAR(CW80) -> 20
A81: Id80 | B81: Ms. | C81: Holtzapple | D81: Jennifer | T81: Id80 | U81: 51.01 | V81: 9.2 | W81: No | X81: No | Y81: No | Z81: 0 | AA81: yes | AV81: Id80 | AW81: 51.01 | AX81: 9.2 | AY81: No | AZ81: No | BA81: No | BB81: No major surgery | BC81: yes | BR81: 51.01 | BS81: {=_xlfn.IFS(BR81<18.5,"UNDER WEIGHT",BR81<=24.9,"NORMAL WEIGHT",BR81<=29.9,"OVER WEIGHT",BR81>=30,"OBESITY")} -> OBESITY | BV81: 9.2 | BW81: {=_xlfn.IFS(BV81<=5.7,"NORMAL",BV81<=6.4,"Prediabetes",BV81>=6.5,"Diabetes")} -> Diabetes | CJ81: Id2257 | CK81: 2003 | CL81: Aug | CM81: 15 | CN81: 0 | CO81: 1261.86 | CP81: tier - 2 | CQ81: tier - 3 | CR81: R1011 | CW81: =_xlfn.CONCAT(CM81,"/",CL81,"/",CK81) -> 15/Aug/2003 | CZ81: Id2257 | DA81: 2003 | DB81: Aug | DC81: 15 | DD81: 0 | DE81: 1261.86 | DF81: tier - 2 | DG81: tier - 3 | DH81: R1011 | DZ81: Id2257 | EA81: =YEAR(DATE(2023,6,8))-YEAR(CW81) -> 20
A82: Id81 | B82: Ms. | C82: Meyer | D82: Gwen M. | T82: Id81 | U82: 45.65 | V82: 5.11 | W82: yes | X82: No | Y82: No | Z82: 1 | AA82: yes | AV82: Id81 | AW82: 45.65 | AX82: 5.11 | AY82: yes | AZ82: No | BA82: No | BB82: 1 | BC82: yes | BR82: 45.65 | BS82: {=_xlfn.IFS(BR82<18.5,"UNDER WEIGHT",BR82<=24.9,"NORMAL WEIGHT",BR82<=29.9,"OVER WEIGHT",BR82>=30,"OBESITY")} -> OBESITY | BV82: 5.11 | BW82: {=_xlfn.IFS(BV82<=5.7,"NORMAL",BV82<=6.4,"Prediabetes",BV82>=6.5,"Diabetes")} -> NORMAL | CJ82: Id2256 | CK82: 2003 | CL82: Nov | CM82: 21 | CN82: 0 | CO82: 1263.25 | CP82: tier - 2 | CQ82: tier - 3 | CR82: R1011 | CW82: =_xlfn.CONCAT(CM82,"/",CL82,"/",CK82) -> 21/Nov/2003 | CZ82: Id2256 | DA82: 2003 | DB82: Nov | DC82: 21 | DD82: 0 | DE82: 1263.25 | DF82: tier - 2 | DG82: tier - 3 | DH82: R1011 | DZ82: Id2256 | EA82: =YEAR(DATE(2023,6,8))-YEAR(CW82) -> 20
A83: Id82 | B83: Mr. | C83: Brickley | D83: Patrick | T83: Id82 | U83: 52.9 | V83: 5.34 | W83: No | X83: No | Y83: No | Z83: 0 | AA83: yes | AV83: Id82 | AW83: 52.9 | AX83: 5.34 | AY83: No | AZ83: No | BA83: No | BB83: No major surgery | BC83: yes | BR83: 52.9 | BS83: {=_xlfn.IFS(BR83<18.5,"UNDER WEIGHT",BR83<=24.9,"NORMAL WEIGHT",BR83<=29.9,"OVER WEIGHT",BR83>=30,"OBESITY")} -> OBESITY | BV83: 5.34 | BW83: {=_xlfn.IFS(BV83<=5.7,"NORMAL",BV83<=6.4,"Prediabetes",BV83>=6.5,"Diabetes")} -> NORMAL | CJ83: Id2255 | CK83: 2002 | CL83: Dec | CM83: 4 | CN83: 0 | CO83: 1267 | CP83: tier - 2 | CQ83: tier - 1 | CR83: R1013 | CW83: =_xlfn.CONCAT(CM83,"/",CL83,"/",CK83) -> 4/Dec/2002 | CZ83: Id2255 | DA83: 2002 | DB83: Dec | DC83: 4 | DD83: 0 | DE83: 1267 | DF83: tier - 2 | DG83: tier - 1 | DH83: R1013 | DZ83: Id2255 | EA83: =YEAR(DATE(2023,6,8))-YEAR(CW83) -> 21
A84: Id83 | B84: Ms. | C84: Magee | D84: Kate | T84: Id83 | U84: 45.41 | V84: 4.03 | W84: yes | X84: No | Y84: No | Z84: 1 | AA84: yes | AV84: Id83 | AW84: 45.41 | AX84: 4.03 | AY84: yes | AZ84: No | BA84: No | BB84: 1 | BC84: yes | BR84: 45.41 | BS84: {=_xlfn.IFS(BR84<18.5,"UNDER WEIGHT",BR84<=24.9,"NORMAL WEIGHT",BR84<=29.9,"OVER WEIGHT",BR84>=30,"OBESITY")} -> OBESITY | BV84: 4.03 | BW84: {=_xlfn.IFS(BV84<=5.7,"NORMAL",BV84<=6.4,"Prediabetes",BV84>=6.5,"Diabetes")} -> NORMAL | CJ84: Id2254 | CK84: 1997 | CL84: Oct | CM84: 26 | CN84: 0 | CO84: 1276 | CP84: tier - 2 | CQ84: tier - 2 | CR84: R1012 | CW84: =_xlfn.CONCAT(CM84,"/",CL84,"/",CK84) -> 26/Oct/1997 | CZ84: Id2254 | DA84: 1997 | DB84: Oct | DC84: 26 | DD84: 0 | DE84: 1276 | DF84: tier - 2 | DG84: tier - 2 | DH84: R1012 | DZ84: Id2254 | EA84: =YEAR(DATE(2023,6,8))-YEAR(CW84) -> 26
A85: Id84 | B85: Mr. | C85: Thoma | D85: Kevin | T85: Id84 | U85: 49.41 | V85: 4.23 | W85: yes | X85: No | Y85: Yes | Z85: 1 | AA85: yes | AV85: Id84 | AW85: 49.41 | AX85: 4.23 | AY85: yes | AZ85: No | BA85: Yes | BB85: 1 | BC85: yes | BR85: 49.41 | BS85: {=_xlfn.IFS(BR85<18.5,"UNDER WEIGHT",BR85<=24.9,"NORMAL WEIGHT",BR85<=29.9,"OVER WEIGHT",BR85>=30,"OBESITY")} -> OBESITY | BV85: 4.23 | BW85: {=_xlfn.IFS(BV85<=5.7,"NORMAL",BV85<=6.4,"Prediabetes",BV85>=6.5,"Diabetes")} -> NORMAL | CJ85: Id2253 | CK85: 2004 | CL85: Sep | CM85: 30 | CN85: 0 | CO85: 1283 | CP85: tier - 2 | CQ85: tier - 1 | CR85: R1013 | CW85: =_xlfn.CONCAT(CM85,"/",CL85,"/",CK85) -> 30/Sep/2004 | CZ85: Id2253 | DA85: 2004 | DB85: Sep | DC85: 30 | DD85: 0 | DE85: 1283 | DF85: tier - 2 | DG85: tier - 1 | DH85: R1013 | DZ85: Id2253 | EA85: =YEAR(DATE(2023,6,8))-YEAR(CW85) -> 19
A86: Id85 | B86: Mr. | C86: Heagy | D86: Stephen II | T86: Id85 | U86: 31.825 | V86: 4.06 | W86: No | X86: No | Y86: No | Z86: 2 | AA86: yes | AV86: Id85 | AW86: 31.825 | AX86: 4.06 | AY86: No | AZ86: No | BA86: No | BB86: 2 | BC86: yes | BR86: 31.825 | BS86: {=_xlfn.IFS(BR86<18.5,"UNDER WEIGHT",BR86<=24.9,"NORMAL WEIGHT",BR86<=29.9,"OVER WEIGHT",BR86>=30,"OBESITY")} -> OBESITY | BV86: 4.06 | BW86: {=_xlfn.IFS(BV86<=5.7,"NORMAL",BV86<=6.4,"Prediabetes",BV86>=6.5,"Diabetes")} -> NORMAL | CJ86: Id2252 | CK86: 2004 | CL86: Jul | CM86: 28 | CN86: 0 | CO86: 1285 | CP86: tier - 2 | CQ86: tier - 3 | CR86: R1013 | CW86: =_xlfn.CONCAT(CM86,"/",CL86,"/",CK86) -> 28/Jul/2004 | CZ86: Id2252 | DA86: 2004 | DB86: Jul | DC86: 28 | DD86: 0 | DE86: 1285 | DF86: tier - 2 | DG86: tier - 3 | DH86: R1013 | DZ86: Id2252 | EA86: =YEAR(DATE(2023,6,8))-YEAR(CW86) -> 19
A87: Id86 | B87: Mr. | C87: Regnier | D87: Philip | T87: Id86 | U87: 51.28 | V87: 4.68 | W87: No | X87: No | Y87: No | Z87: 2 | AA87: yes | AV87: Id86 | AW87: 51.28 | AX87: 4.68 | AY87: No | AZ87: No | BA87: No | BB87: 2 | BC87: yes | BR87: 51.28 | BS87: {=_xlfn.IFS(BR87<18.5,"UNDER WEIGHT",BR87<=24.9,"NORMAL WEIGHT",BR87<=29.9,"OVER WEIGHT",BR87>=30,"OBESITY")} -> OBESITY | BV87: 4.68 | BW87: {=_xlfn.IFS(BV87<=5.7,"NORMAL",BV87<=6.4,"Prediabetes",BV87>=6.5,"Diabetes")} -> NORMAL | CJ87: Id2251 | CK87: 2000 | CL87: Jun | CM87: 26 | CN87: 0 | CO87: 1286 | CP87: tier - 2 | CQ87: tier - 2 | CR87: R1013 | CW87: =_xlfn.CONCAT(CM87,"/",CL87,"/",CK87) -> 26/Jun/2000 | CZ87: Id2251 | DA87: 2000 | DB87: Jun | DC87: 26 | DD87: 0 | DE87: 1286 | DF87: tier - 2 | DG87: tier - 2 | DH87: R1013 | DZ87: Id2251 | EA87: =YEAR(DATE(2023,6,8))-YEAR(CW87) -> 23
A88: Id87 | B88: Mr. | C88: Parendo | D88: Brett A | T88: Id87 | U88: 34.96 | V88: 4.34 | W88: No | X88: No | Y88: Yes | Z88: 1 | AA88: yes | AV88: Id87 | AW88: 34.96 | AX88: 4.34 | AY88: No | AZ88: No | BA88: Yes | BB88: 1 | BC88: yes | BR88: 34.96 | BS88: {=_xlfn.IFS(BR88<18.5,"UNDER WEIGHT",BR88<=24.9,"NORMAL WEIGHT",BR88<=29.9,"OVER WEIGHT",BR88>=30,"OBESITY")} -> OBESITY | BV88: 4.34 | BW88: {=_xlfn.IFS(BV88<=5.7,"NORMAL",BV88<=6.4,"Prediabetes",BV88>=6.5,"Diabetes")} -> NORMAL | CJ88: Id2250 | CK88: 1998 | CL88: Jun | CM88: 4 | CN88: 0 | CO88: 1290.93 | CP88: tier - 2 | CQ88: tier - 2 | CR88: R1013 | CW88: =_xlfn.CONCAT(CM88,"/",CL88,"/",CK88) -> 4/Jun/1998 | CZ88: Id2250 | DA88: 1998 | DB88: Jun | DC88: 4 | DD88: 0 | DE88: 1290.93 | DF88: tier - 2 | DG88: tier - 2 | DH88: R1013 | DZ88: Id2250 | EA88: =YEAR(DATE(2023,6,8))-YEAR(CW88) -> 25
A89: Id88 | B89: Ms. | C89: Schell | D89: Rebecca | T89: Id88 | U89: 33.11 | V89: 10.51 | W89: No | X89: No | Y89: No | Z89: 0 | AA89: yes | AV89: Id88 | AW89: 33.11 | AX89: 10.51 | AY89: No | AZ89: No | BA89: No | BB89: No major surgery | BC89: yes | BR89: 33.11 | BS89: {=_xlfn.IFS(BR89<18.5,"UNDER WEIGHT",BR89<=24.9,"NORMAL WEIGHT",BR89<=29.9,"OVER WEIGHT",BR89>=30,"OBESITY")} -> OBESITY | BV89: 10.51 | BW89: {=_xlfn.IFS(BV89<=5.7,"NORMAL",BV89<=6.4,"Prediabetes",BV89>=6.5,"Diabetes")} -> Diabetes | CJ89: Id2249 | CK89: 2001 | CL89: Nov | CM89: 29 | CN89: 0 | CO89: 1293 | CP89: tier - 2 | CQ89: tier - 3 | CR89: R1012 | CW89: =_xlfn.CONCAT(CM89,"/",CL89,"/",CK89) -> 29/Nov/2001 | CZ89: Id2249 | DA89: 2001 | DB89: Nov | DC89: 29 | DD89: 0 | DE89: 1293 | DF89: tier - 2 | DG89: tier - 3 | DH89: R1012 | DZ89: Id2249 | EA89: =YEAR(DATE(2023,6,8))-YEAR(CW89) -> 22
A90: Id89 | B90: Ms. | C90: Driscoll | D90: Kelley | T90: Id89 | U90: 54.74 | V90: 5.84 | W90: yes | X90: No | Y90: Yes | Z90: 1 | AA90: yes | AV90: Id89 | AW90: 54.74 | AX90: 5.84 | AY90: yes | AZ90: No | BA90: Yes | BB90: 1 | BC90: yes | BR90: 54.74 | BS90: {=_xlfn.IFS(BR90<18.5,"UNDER WEIGHT",BR90<=24.9,"NORMAL WEIGHT",BR90<=29.9,"OVER WEIGHT",BR90>=30,"OBESITY")} -> OBESITY | BV90: 5.84 | BW90: {=_xlfn.IFS(BV90<=5.7,"NORMAL",BV90<=6.4,"Prediabetes",BV90>=6.5,"Diabetes")} -> Prediabetes | CJ90: Id2248 | CK90: 2002 | CL90: Dec | CM90: 10 | CN90: 0 | CO90: 1304 | CP90: tier - 2 | CQ90: tier - 2 | CR90: R1012 | CW90: =_xlfn.CONCAT(CM90,"/",CL90,"/",CK90) -> 10/Dec/2002 | CZ90: Id2248 | DA90: 2002 | DB90: Dec | DC90: 10 | DD90: 0 | DE90: 1304 | DF90: tier - 2 | DG90: tier - 2 | DH90: R1012 | DZ90: Id2248 | EA90: =YEAR(DATE(2023,6,8))-YEAR(CW90) -> 21
A91: Id90 | B91: Ms. | C91: Mitchell | D91: Abigail K | T91: Id90 | U91: 32.56 | V91: 5.41 | W91: No | X91: No | Y91: Yes | Z91: 1 | AA91: yes | AV91: Id90 | AW91: 32.56 | AX91: 5.41 | AY91: No | AZ91: No | BA91: Yes | BB91: 1 | BC91: yes | BR91: 32.56 | BS91: {=_xlfn.IFS(BR91<18.5,"UNDER WEIGHT",BR91<=24.9,"NORMAL WEIGHT",BR91<=29.9,"OVER WEIGHT",BR91>=30,"OBESITY")} -> OBESITY | BV91: 5.41 | BW91: {=_xlfn.IFS(BV91<=5.7,"NORMAL",BV91<=6.4,"Prediabetes",BV91>=6.5,"Diabetes")} -> NORMAL | CJ91: Id2247 | CK91: 1999 | CL91: Dec | CM91: 2 | CN91: 0 | CO91: 1304 | CP91: tier - 2 | CQ91: tier - 2 | CR91: R1013 | CW91: =_xlfn.CONCAT(CM91,"/",CL91,"/",CK91) -> 2/Dec/1999 | CZ91: Id2247 | DA91: 1999 | DB91: Dec | DC91: 2 | DD91: 0 | DE91: 1304 | DF91: tier - 2 | DG91: tier - 2 | DH91: R1013 | DZ91: Id2247 | EA91: =YEAR(DATE(2023,6,8))-YEAR(CW91) -> 24
A92: Id91 | B92: Ms. | C92: Cutler | D92: Hope | T92: Id91 | U92: 39.05 | V92: 6.06 | W92: No | X92: No | Y92: No | Z92: 1 | AA92: yes | AV92: Id91 | AW92: 39.05 | AX92: 6.06 | AY92: No | AZ92: No | BA92: No | BB92: 1 | BC92: yes | BR92: 39.05 | BS92: {=_xlfn.IFS(BR92<18.5,"UNDER WEIGHT",BR92<=24.9,"NORMAL WEIGHT",BR92<=29.9,"OVER WEIGHT",BR92>=30,"OBESITY")} -> OBESITY | BV92: 6.06 | BW92: {=_xlfn.IFS(BV92<=5.7,"NORMAL",BV92<=6.4,"Prediabetes",BV92>=6.5,"Diabetes")} -> Prediabetes | CJ92: Id2246 | CK92: 2002 | CL92: Oct | CM92: 13 | CN92: 0 | CO92: 1315 | CP92: tier - 2 | CQ92: tier - 2 | CR92: R1013 | CW92: =_xlfn.CONCAT(CM92,"/",CL92,"/",CK92) -> 13/Oct/2002 | CZ92: Id2246 | DA92: 2002 | DB92: Oct | DC92: 13 | DD92: 0 | DE92: 1315 | DF92: tier - 2 | DG92: tier - 2 | DH92: R1013 | DZ92: Id2246 | EA92: =YEAR(DATE(2023,6,8))-YEAR(CW92) -> 21
A93: Id92 | B93: Ms. | C93: Derian | D93: Elyse M. | T93: Id92 | U93: 42.75 | V93: 4.22 | W93: No | X93: No | Y93: No | Z93: 0 | AA93: yes | AV93: Id92 | AW93: 42.75 | AX93: 4.22 | AY93: No | AZ93: No | BA93: No | BB93: No major surgery | BC93: yes | BR93: 42.75 | BS93: {=_xlfn.IFS(BR93<18.5,"UNDER WEIGHT",BR93<=24.9,"NORMAL WEIGHT",BR93<=29.9,"OVER WEIGHT",BR93>=30,"OBESITY")} -> OBESITY | BV93: 4.22 | BW93: {=_xlfn.IFS(BV93<=5.7,"NORMAL",BV93<=6.4,"Prediabetes",BV93>=6.5,"Diabetes")} -> NORMAL | CJ93: Id2245 | CK93: 1999 | CL93: Oct | CM93: 14 | CN93: 0 | CO93: 1329.17 | CP93: tier - 2 | CQ93: tier - 3 | CR93: R1013 | CW93: =_xlfn.CONCAT(CM93,"/",CL93,"/",CK93) -> 14/Oct/1999 | CZ93: Id2245 | DA93: 1999 | DB93: Oct | DC93: 14 | DD93: 0 | DE93: 1329.17 | DF93: tier - 2 | DG93: tier - 3 | DH93: R1013 | DZ93: Id2245 | EA93: =YEAR(DATE(2023,6,8))-YEAR(CW93) -> 24
A94: Id93 | B94: Mr. | C94: Farina | D94: Nicholas | T94: Id93 | U94: 50.58 | V94: 5.12 | W94: No | X94: No | Y94: No | Z94: 2 | AA94: yes | AV94: Id93 | AW94: 50.58 | AX94: 5.12 | AY94: No | AZ94: No | BA94: No | BB94: 2 | BC94: yes | BR94: 50.58 | BS94: {=_xlfn.IFS(BR94<18.5,"UNDER WEIGHT",BR94<=24.9,"NORMAL WEIGHT",BR94<=29.9,"OVER WEIGHT",BR94>=30,"OBESITY")} -> OBESITY | BV94: 5.12 | BW94: {=_xlfn.IFS(BV94<=5.7,"NORMAL",BV94<=6.4,"Prediabetes",BV94>=6.5,"Diabetes")} -> NORMAL | CJ94: Id2244 | CK94: 1998 | CL94: Jul | CM94: 12 | CN94: 0 | CO94: 1332.61 | CP94: tier - 2 | CQ94: tier - 3 | CR94: R1013 | CW94: =_xlfn.CONCAT(CM94,"/",CL94,"/",CK94) -> 12/Jul/1998 | CZ94: Id2244 | DA94: 1998 | DB94: Jul | DC94: 12 | DD94: 0 | DE94: 1332.61 | DF94: tier - 2 | DG94: tier - 3 | DH94: R1013 | DZ94: Id2244 | EA94: =YEAR(DATE(2023,6,8))-YEAR(CW94) -> 25
A95: Id94 | B95: Mr. | C95: Saunders | D95: David | T95: Id94 | U95: 30.495 | V95: 4.57 | W95: yes | X95: No | Y95: No | Z95: 0 | AA95: yes | AV95: Id94 | AW95: 30.495 | AX95: 4.57 | AY95: yes | AZ95: No | BA95: No | BB95: No major surgery | BC95: yes | BR95: 30.495 | BS95: {=_xlfn.IFS(BR95<18.5,"UNDER WEIGHT",BR95<=24.9,"NORMAL WEIGHT",BR95<=29.9,"OVER WEIGHT",BR95>=30,"OBESITY")} -> OBESITY | BV95: 4.57 | BW95: {=_xlfn.IFS(BV95<=5.7,"NORMAL",BV95<=6.4,"Prediabetes",BV95>=6.5,"Diabetes")} -> NORMAL | CJ95: Id2243 | CK95: 1995 | CL95: Jul | CM95: 30 | CN95: 0 | CO95: 1338 | CP95: tier - 2 | CQ95: tier - 3 | CR95: R1012 | CW95: =_xlfn.CONCAT(CM95,"/",CL95,"/",CK95) -> 30/Jul/1995 | CZ95: Id2243 | DA95: 1995 | DB95: Jul | DC95: 30 | DD95: 0 | DE95: 1338 | DF95: tier - 2 | DG95: tier - 3 | DH95: R1012 | DZ95: Id2243 | EA95: =YEAR(DATE(2023,6,8))-YEAR(CW95) -> 28
A96: Id95 | B96: Ms. | C96: Kratz | D96: Natalie | T96: Id95 | U96: 48.31 | V96: 9.58 | W96: yes | X96: No | Y96: No | Z96: 2 | AA96: yes | AV96: Id95 | AW96: 48.31 | AX96: 9.58 | AY96: yes | AZ96: No | BA96: No | BB96: 2 | BC96: yes | BR96: 48.31 | BS96: {=_xlfn.IFS(BR96<18.5,"UNDER WEIGHT",BR96<=24.9,"NORMAL WEIGHT",BR96<=29.9,"OVER WEIGHT",BR96>=30,"OBESITY")} -> OBESITY | BV96: 9.58 | BW96: {=_xlfn.IFS(BV96<=5.7,"NORMAL",BV96<=6.4,"Prediabetes",BV96>=6.5,"Diabetes")} -> Diabetes | CJ96: Id2242 | CK96: 1997 | CL96: Nov | CM96: 7 | CN96: 0 | CO96: 1341.16 | CP96: tier - 2 | CQ96: tier - 2 | CR96: R1012 | CW96: =_xlfn.CONCAT(CM96,"/",CL96,"/",CK96) -> 7/Nov/1997 | CZ96: Id2242 | DA96: 1997 | DB96: Nov | DC96: 7 | DD96: 0 | DE96: 1341.16 | DF96: tier - 2 | DG96: tier - 2 | DH96: R1012 | DZ96: Id2242 | EA96: =YEAR(DATE(2023,6,8))-YEAR(CW96) -> 26
A97: Id96 | B97: Mr. | C97: Boland | D97: Thomas | T97: Id96 | U97: 48.99 | V97: 9.78 | W97: yes | X97: No | Y97: No | Z97: 1 | AA97: yes | AV97: Id96 | AW97: 48.99 | AX97: 9.78 | AY97: yes | AZ97: No | BA97: No | BB97: 1 | BC97: yes | BR97: 48.99 | BS97: {=_xlfn.IFS(BR97<18.5,"UNDER WEIGHT",BR97<=24.9,"NORMAL WEIGHT",BR97<=29.9,"OVER WEIGHT",BR97>=30,"OBESITY")} -> OBESITY | BV97: 9.78 | BW97: {=_xlfn.IFS(BV97<=5.7,"NORMAL",BV97<=6.4,"Prediabetes",BV97>=6.5,"Diabetes")} -> Diabetes | CJ97: Id2241 | CK97: 1998 | CL97: Dec | CM97: 3 | CN97: 0 | CO97: 1359 | CP97: tier - 2 | CQ97: tier - 1 | CR97: R1013 | CW97: =_xlfn.CONCAT(CM97,"/",CL97,"/",CK97) -> 3/Dec/1998 | CZ97: Id2241 | DA97: 1998 | DB97: Dec | DC97: 3 | DD97: 0 | DE97: 1359 | DF97: tier - 2 | DG97: tier - 1 | DH97: R1013 | DZ97: Id2241 | EA97: =YEAR(DATE(2023,6,8))-YEAR(CW97) -> 25
A98: Id97 | B98: Ms. | C98: Van Hout | D98: Pamela J. | T98: Id97 | U98: 38.39 | V98: 4.11 | W98: yes | X98: No | Y98: No | Z98: 0 | AA98: yes | AV98: Id97 | AW98: 38.39 | AX98: 4.11 | AY98: yes | AZ98: No | BA98: No | BB98: No major surgery | BC98: yes | BR98: 38.39 | BS98: {=_xlfn.IFS(BR98<18.5,"UNDER WEIGHT",BR98<=24.9,"NORMAL WEIGHT",BR98<=29.9,"OVER WEIGHT",BR98>=30,"OBESITY")} -> OBESITY | BV98: 4.11 | BW98: {=_xlfn.IFS(BV98<=5.7,"NORMAL",BV98<=6.4,"Prediabetes",BV98>=6.5,"Diabetes")} -> NORMAL | CJ98: Id2240 | CK98: 2002 | CL98: Aug | CM98: 15 | CN98: 0 | CO98: 1382 | CP98: tier - 2 | CQ98: tier - 1 | CR98: R1013 | CW98: =_xlfn.CONCAT(CM98,"/",CL98,"/",CK98) -> 15/Aug/2002 | CZ98: Id2240 | DA98: 2002 | DB98: Aug | DC98: 15 | DD98: 0 | DE98: 1382 | DF98: tier - 2 | DG98: tier - 1 | DH98: R1013 | DZ98: Id2240 | EA98: =YEAR(DATE(2023,6,8))-YEAR(CW98) -> 21
A99: Id98 | B99: Ms. | C99: Ramsey | D99: Jessica | T99: Id98 | U99: 44.34 | V99: 4.02 | W99: yes | X99: No | Y99: No | Z99: 2 | AA99: yes | AV99: Id98 | AW99: 44.34 | AX99: 4.02 | AY99: yes | AZ99: No | BA99: No | BB99: 2 | BC99: yes | BR99: 44.34 | BS99: {=_xlfn.IFS(BR99<18.5,"UNDER WEIGHT",BR99<=24.9,"NORMAL WEIGHT",BR99<=29.9,"OVER WEIGHT",BR99>=30,"OBESITY")} -> OBESITY | BV99: 4.02 | BW99: {=_xlfn.IFS(BV99<=5.7,"NORMAL",BV99<=6.4,"Prediabetes",BV99>=6.5,"Diabetes")} -> NORMAL | CJ99: Id2239 | CK99: 1999 | CL99: Jul | CM99: 6 | CN99: 0 | CO99: 1389 | CP99: tier - 2 | CQ99: tier - 2 | CR99: R1013 | CW99: =_xlfn.CONCAT(CM99,"/",CL99,"/",CK99) -> 6/Jul/1999 | CZ99: Id2239 | DA99: 1999 | DB99: Jul | DC99: 6 | DD99: 0 | DE99: 1389 | DF99: tier - 2 | DG99: tier - 2 | DH99: R1013 | DZ99: Id2239 | EA99: =YEAR(DATE(2023,6,8))-YEAR(CW99) -> 24
A100: Id99 | B100: Mr. | C100: Gage | D100: Ron N | T100: Id99 | U100: 41.51 | V100: 6.92 | W100: No | X100: No | Y100: No | Z100: 0 | AA100: yes | AV100: Id99 | AW100: 41.51 | AX100: 6.92 | AY100: No | AZ100: No | BA100: No | BB100: No major surgery | BC100: yes | BR100: 41.51 | BS100: {=_xlfn.IFS(BR100<18.5,"UNDER WEIGHT",BR100<=24.9,"NORMAL WEIGHT",BR100<=29.9,"OVER WEIGHT",BR100>=30,"OBESITY")} -> OBESITY | BV100: 6.92 | BW100: {=_xlfn.IFS(BV100<=5.7,"NORMAL",BV100<=6.4,"Prediabetes",BV100>=6.5,"Diabetes")} -> Diabetes | CJ100: Id2238 | CK100: 2002 | CL100: Nov | CM100: 14 | CN100: 0 | CO100: 1390 | CP100: tier - 2 | CQ100: tier - 2 | CR100: R1013 | CW100: =_xlfn.CONCAT(CM100,"/",CL100,"/",CK100) -> 14/Nov/2002 | CZ100: Id2238 | DA100: 2002 | DB100: Nov | DC100: 14 | DD100: 0 | DE100: 1390 | DF100: tier - 2 | DG100: tier - 2 | DH100: R1013 | DZ100: Id2238 | EA100: =YEAR(DATE(2023,6,8))-YEAR(CW100) -> 21
...

Sheet Sheet1
A3: Sum of charges | B3: Diabetes Status
A4: Weight Status | B4: Diabetes | C4: NORMAL | D4: Prediabetes | E4: #N/A
A5: NORMAL WEIGHT | B5: 1707586.7 | C5: 1679438 | D5: 836329.46 | E5: 18767.74
A6: OBESITY | B6: 8184059.1 | C6: 8574902.7 | D6: 3529004.3 | E6: 55680.84
A7: OVER WEIGHT | B7: 2154419.6 | C7: 2477892.2 | D7: 992222.13 | E7: 11902.6
A8: UNDER WEIGHT | B8: 483792.72 | C8: 566702.46 | D8: 157530.57 | E8: 6254.13
A9: #N/A | B9: 108447.01 | C9: 18481.39 | D9: 28944.95

Sheet Sheet3
A2: State ID | B2: (All)
A4: Hospital tier | B4: Average of charges
A5: tier - 1 | B5: 30129.199
A6: tier - 2 | B6: 11865.269
A7: tier - 3 | B7: 9462.2693

Sheet HEALTH CARE
A1: Customer ID | B1: First Name | C1: BMI | D1: HBA1C | E1: Heart Issues | F1: Any Transplants | G1: Cancer history | H1: NumberOfMajorSurgeries | I1: SMOKER | J1: Weight Status | K1: Diabetes Status | L1: Date of Birth | M1: charges | N1: Hospital tier | O1: City tier | P1: State ID | Q1: Age | S1: Analysis using Pie/Donut Chart | Z1: Analysis using Pie/Donut Chart | AF1: Analysis using Column/Bar Chart | AV1: Analysis using Column/Bar Chart
A2: ='Customer Names'!A2 -> Id1 | B2: =VLOOKUP(A2,'Data Transformation'!A:D,3,) -> Hawks | C2: =VLOOKUP(A2,'Medical Examinations'!A:H,2,) -> 47.41 | D2: =VLOOKUP(A2,'Medical Examinations'!A:H,3,) -> 7.47 | E2: =VLOOKUP(A2,'Medical Examinations'!A:H,4,) -> No | F2: =VLOOKUP(A2,'Medical Examinations'!A:H,5,) -> No | G2: =VLOOKUP(A2,'Medical Examinations'!A:H,6,) -> No | H2: =VLOOKUP(A2,'Medical Examinations'!A:H,7,) -> No major surgery | I2: =VLOOKUP(A2,'Medical Examinations'!A:H,8,) -> yes | J2: =VLOOKUP('HEALTH CARE'!C2,'Data Transformation'!BR:BS,2,) -> OBESITY | K2: =VLOOKUP(D2,'Data Transformation'!BV:BW,2,) -> Diabetes | L2: =VLOOKUP(A2,'Hospitalisation Details'!A:J,10,) -> 12/Oct/1968 | M2: =VLOOKUP($A$2,'Hospitalisation Details'!A:J,6,) -> 63770.43 | N2: =VLOOKUP(A2,'Hospitalisation Details'!A:J,7,) -> tier - 1 | O2: =VLOOKUP(A2,'Hospitalisation Details'!A:J,8,) -> tier - 3 | P2: =VLOOKUP(A2,'Hospitalisation Details'!A:J,9,) -> R1013 | Q2: =VLOOKUP(A2,'Data Transformation'!DZ:EA,2,) -> 55 | S2: What is the distribution of cancer history among smokers and non-smokers? | Y2: How does the total number of major surgeries and average HbA1C differ between patients with and without a history of transplants? | AD2: ➢ How do healthcare charges vary based on different weight statuses and diabetes statuses? | AT2: ➢ Can you compare the average charges for each hospital tier within different states? | BJ2: Is there any correlation between age and both BMI and HbA1C in the dataset? | BZ2: ➢ Explore the relationship between age and healthcare charges.
A3: ='Customer Names'!A3 -> Id2 | B3: =VLOOKUP(A3,'Data Transformation'!A:D,3,) -> Lehner | C3: =VLOOKUP(A3,'Medical Examinations'!A:H,2,) -> 30.36 | D3: =VLOOKUP(A3,'Medical Examinations'!A:H,3,) -> 5.77 | E3: =VLOOKUP(A3,'Medical Examinations'!A:H,4,) -> No | F3: =VLOOKUP(A3,'Medical Examinations'!A:H,5,) -> No | G3: =VLOOKUP(A3,'Medical Examinations'!A:H,6,) -> No | H3: =VLOOKUP(A3,'Medical Examinations'!A:H,7,) -> No major surgery | I3: =VLOOKUP(A3,'Medical Examinations'!A:H,8,) -> yes | J3: =VLOOKUP('HEALTH CARE'!C3,'Data Transformation'!BR:BS,2,) -> OBESITY | K3: =VLOOKUP(D3,'Data Transformation'!BV:BW,2,) -> Prediabetes | L3: =VLOOKUP(A3,'Hospitalisation Details'!A:J,10,) -> 8/Jun/1977 | M3: =VLOOKUP(A3,'Hospitalisation Details'!A:J,6,) -> 62592.87 | N3: =VLOOKUP(A3,'Hospitalisation Details'!A:J,7,) -> tier - 2 | O3: =VLOOKUP(A3,'Hospitalisation Details'!A:J,8,) -> tier - 3 | P3: =VLOOKUP(A3,'Hospitalisation Details'!A:J,9,) -> R1013 | Q3: =VLOOKUP(A3,'Data Transformation'!DZ:EA,2,) -> 46
A4: ='Customer Names'!A4 -> Id3 | B4: =VLOOKUP(A4,'Data Transformation'!A:D,3,) -> Lu | C4: =VLOOKUP(A4,'Medical Examinations'!A:H,2,) -> 34.485 | D4: =VLOOKUP(A4,'Medical Examinations'!A:H,3,) -> 11.87 | E4: =VLOOKUP(A4,'Medical Examinations'!A:H,4,) -> yes | F4: =VLOOKUP(A4,'Medical Examinations'!A:H,5,) -> No | G4: =VLOOKUP(A4,'Medical Examinations'!A:H,6,) -> No | H4: =VLOOKUP(A4,'Medical Examinations'!A:H,7,) -> 2 | I4: =VLOOKUP(A4,'Medical Examinations'!A:H,8,) -> yes | J4: =VLOOKUP('HEALTH CARE'!C4,'Data Transformation'!BR:BS,2,) -> OBESITY | K4: =VLOOKUP(D4,'Data Transformation'!BV:BW,2,) -> Diabetes | L4: =VLOOKUP(A4,'Hospitalisation Details'!A:J,10,) -> 11/?/1970 | M4: =VLOOKUP(A4,'Hospitalisation Details'!A:J,6,) -> 60021.4 | N4: =VLOOKUP(A4,'Hospitalisation Details'!A:J,7,) -> tier - 1 | O4: =VLOOKUP(A4,'Hospitalisation Details'!A:J,8,) -> tier - 1 | P4: =VLOOKUP(A4,'Hospitalisation Details'!A:J,9,) -> R1012 | Q4: =VLOOKUP(A4,'Data Transformation'!DZ:EA,2,) -> #VALUE!
A5: ='Customer Names'!A5 -> Id4 | B5: =VLOOKUP(A5,'Data Transformation'!A:D,3,) -> Osborne | C5: =VLOOKUP(A5,'Medical Examinations'!A:H,2,) -> 38.095 | D5: =VLOOKUP(A5,'Medical Examinations'!A:H,3,) -> 6.05 | E5: =VLOOKUP(A5,'Medical Examinations'!A:H,4,) -> No | F5: =VLOOKUP(A5,'Medical Examinations'!A:H,5,) -> No | G5: =VLOOKUP(A5,'Medical Examinations'!A:H,6,) -> No | H5: =VLOOKUP(A5,'Medical Examinations'!A:H,7,) -> No major surgery | I5: =VLOOKUP(A5,'Medical Examinations'!A:H,8,) -> yes | J5: =VLOOKUP('HEALTH CARE'!C5,'Data Transformation'!BR:BS,2,) -> OBESITY | K5: =VLOOKUP(D5,'Data Transformation'!BV:BW,2,) -> Prediabetes | L5: =VLOOKUP(A5,'Hospitalisation Details'!A:J,10,) -> 6/Jun/1991 | M5: =VLOOKUP(A5,'Hospitalisation Details'!A:J,6,) -> 58571.07 | N5: =VLOOKUP(A5,'Hospitalisation Details'!A:J,7,) -> tier - 1 | O5: =VLOOKUP(A5,'Hospitalisation Details'!A:J,8,) -> tier - 3 | P5: =VLOOKUP(A5,'Hospitalisation Details'!A:J,9,) -> R1024 | Q5: =VLOOKUP(A5,'Data Transformation'!DZ:EA,2,) -> 32
A6: ='Customer Names'!A6 -> Id5 | B6: =VLOOKUP(A6,'Data Transformation'!A:D,3,) -> Kadala | C6: =VLOOKUP(A6,'Medical Examinations'!A:H,2,) -> 35.53 | D6: =VLOOKUP(A6,'Medical Examinations'!A:H,3,) -> 5.45 | E6: =VLOOKUP(A6,'Medical Examinations'!A:H,4,) -> No | F6: =VLOOKUP(A6,'Medical Examinations'!A:H,5,) -> No | G6: =VLOOKUP(A6,'Medical Examinations'!A:H,6,) -> No | H6: =VLOOKUP(A6,'Medical Examinations'!A:H,7,) -> No major surgery | I6: =VLOOKUP(A6,'Medical Examinations'!A:H,8,) -> yes | J6: =VLOOKUP('HEALTH CARE'!C6,'Data Transformation'!BR:BS,2,) -> OBESITY | K6: =VLOOKUP(D6,'Data Transformation'!BV:BW,2,) -> NORMAL | L6: =VLOOKUP(A6,'Hospitalisation Details'!A:J,10,) -> 19/Jun/1989 | M6: =VLOOKUP(A6,'Hospitalisation Details'!A:J,6,) -> 55135.4 | N6: =VLOOKUP(A6,'Hospitalisation Details'!A:J,7,) -> tier - 1 | O6: =VLOOKUP(A6,'Hospitalisation Details'!A:J,8,) -> tier - 2 | P6: =VLOOKUP(A6,'Hospitalisation Details'!A:J,9,) -> R1012 | Q6: =VLOOKUP(A6,'Data Transformation'!DZ:EA,2,) -> 34
A7: ='Customer Names'!A7 -> Id6 | B7: =VLOOKUP(A7,'Data Transformation'!A:D,3,) -> Baker | C7: =VLOOKUP(A7,'Medical Examinations'!A:H,2,) -> 32.8 | D7: =VLOOKUP(A7,'Medical Examinations'!A:H,3,) -> 6.59 | E7: =VLOOKUP(A7,'Medical Examinations'!A:H,4,) -> No | F7: =VLOOKUP(A7,'Medical Examinations'!A:H,5,) -> No | G7: =VLOOKUP(A7,'Medical Examinations'!A:H,6,) -> No | H7: =VLOOKUP(A7,'Medical Examinations'!A:H,7,) -> No major surgery | I7: =VLOOKUP(A7,'Medical Examinations'!A:H,8,) -> yes | J7: =VLOOKUP('HEALTH CARE'!C7,'Data Transformation'!BR:BS,2,) -> OBESITY | K7: =VLOOKUP(D7,'Data Transformation'!BV:BW,2,) -> Diabetes | L7: =VLOOKUP(A7,'Hospitalisation Details'!A:J,10,) -> 4/Aug/1962 | M7: =VLOOKUP(A7,'Hospitalisation Details'!A:J,6,) -> 52590.83 | N7: =VLOOKUP(A7,'Hospitalisation Details'!A:J,7,) -> tier - 1 | O7: =VLOOKUP(A7,'Hospitalisation Details'!A:J,8,) -> tier - 3 | P7: =VLOOKUP(A7,'Hospitalisation Details'!A:J,9,) -> R1011 | Q7: =VLOOKUP(A7,'Data Transformation'!DZ:EA,2,) -> 61 | S7: Count of Customer ID | T7: CANCER HISTORY | Y7: ANY TRANSPLANTS | Z7: Sum of NumberOfMajorSurgeries | AA7: Average of HBA1C
A8: ='Customer Names'!A8 -> Id7 | B8: =VLOOKUP(A8,'Data Transformation'!A:D,3,) -> Macpherson | C8: =VLOOKUP(A8,'Medical Examinations'!A:H,2,) -> 36.4 | D8: =VLOOKUP(A8,'Medical Examinations'!A:H,3,) -> 6.07 | E8: =VLOOKUP(A8,'Medical Examinations'!A:H,4,) -> No | F8: =VLOOKUP(A8,'Medical Examinations'!A:H,5,) -> No | G8: =VLOOKUP(A8,'Medical Examinations'!A:H,6,) -> No | H8: =VLOOKUP(A8,'Medical Examinations'!A:H,7,) -> No major surgery | I8: =VLOOKUP(A8,'Medical Examinations'!A:H,8,) -> yes | J8: =VLOOKUP('HEALTH CARE'!C8,'Data Transformation'!BR:BS,2,) -> OBESITY | K8: =VLOOKUP(D8,'Data Transformation'!BV:BW,2,) -> Prediabetes | L8: =VLOOKUP(A8,'Hospitalisation Details'!A:J,10,) -> 27/Oct/1994 | M8: =VLOOKUP(A8,'Hospitalisation Details'!A:J,6,) -> 51194.56 | N8: =VLOOKUP(A8,'Hospitalisation Details'!A:J,7,) -> tier - 1 | O8: =VLOOKUP(A8,'Hospitalisation Details'!A:J,8,) -> tier - 3 | P8: =VLOOKUP(A8,'Hospitalisation Details'!A:J,9,) -> R1011 | Q8: =VLOOKUP(A8,'Data Transformation'!DZ:EA,2,) -> 29 | S8: SMOKER | T8: No | U8: Yes | V8: (blank) | W8: Grand Total | Y8: No | Z8: 1417 | AA8: 6.6704427
A9: ='Customer Names'!A9 -> Id8 | B9: =VLOOKUP(A9,'Data Transformation'!A:D,3,) -> Hallman | C9: =VLOOKUP(A9,'Medical Examinations'!A:H,2,) -> 36.96 | D9: =VLOOKUP(A9,'Medical Examinations'!A:H,3,) -> 7.93 | E9: =VLOOKUP(A9,'Medical Examinations'!A:H,4,) -> No | F9: =VLOOKUP(A9,'Medical Examinations'!A:H,5,) -> No | G9: =VLOOKUP(A9,'Medical Examinations'!A:H,6,) -> No | H9: =VLOOKUP(A9,'Medical Examinations'!A:H,7,) -> 3 | I9: =VLOOKUP(A9,'Medical Examinations'!A:H,8,) -> yes | J9: =VLOOKUP('HEALTH CARE'!C9,'Data Transformation'!BR:BS,2,) -> OBESITY | K9: =VLOOKUP(D9,'Data Transformation'!BV:BW,2,) -> Diabetes | L9: =VLOOKUP(A9,'Hospitalisation Details'!A:J,10,) -> 27/Jun/1958 | M9: =VLOOKUP(A9,'Hospitalisation Details'!A:J,6,) -> 49577.66 | N9: =VLOOKUP(A9,'Hospitalisation Details'!A:J,7,) -> tier - 2 | O9: =VLOOKUP(A9,'Hospitalisation Details'!A:J,8,) -> tier - 2 | P9: =VLOOKUP(A9,'Hospitalisation Details'!A:J,9,) -> R1013 | Q9: =VLOOKUP(A9,'Data Transformation'!DZ:EA,2,) -> 65 | S9: ? | T9: 2 | W9: 2 | Y9: yes | Z9: 162 | AA9: 5.1876389
A10: ='Customer Names'!A10 -> Id9 | B10: =VLOOKUP(A10,'Data Transformation'!A:D,3,) -> Moran | C10: =VLOOKUP(A10,'Medical Examinations'!A:H,2,) -> 41.14 | D10: =VLOOKUP(A10,'Medical Examinations'!A:H,3,) -> 9.58 | E10: =VLOOKUP(A10,'Medical Examinations'!A:H,4,) -> yes | F10: =VLOOKUP(A10,'Medical Examinations'!A:H,5,) -> No | G10: =VLOOKUP(A10,'Medical Examinations'!A:H,6,) -> Yes | H10: =VLOOKUP(A10,'Medical Examinations'!A:H,7,) -> 1 | I10: =VLOOKUP(A10,'Medical Examinations'!A:H,8,) -> yes | J10: =VLOOKUP('HEALTH CARE'!C10,'Data Transformation'!BR:BS,2,) -> OBESITY | K10: =VLOOKUP(D10,'Data Transformation'!BV:BW,2,) -> Diabetes | L10: =VLOOKUP(A10,'Hospitalisation Details'!A:J,10,) -> 4/Sep/1963 | M10: =VLOOKUP(A10,'Hospitalisation Details'!A:J,6,) -> 48970.25 | N10: =VLOOKUP(A10,'Hospitalisation Details'!A:J,7,) -> tier - 1 | O10: =VLOOKUP(A10,'Hospitalisation Details'!A:J,8,) -> tier - 2 | P10: =VLOOKUP(A10,'Hospitalisation Details'!A:J,9,) -> R1013 | Q10: =VLOOKUP(A10,'Data Transformation'!DZ:EA,2,) -> 60 | S10: No | T10: 1538 | U10: 307 | W10: 1845 | Y10: Grand Total | Z10: 1579 | AA10: 6.5789979
A11: ='Customer Names'!A11 -> Id10 | B11: =VLOOKUP(A11,'Data Transformation'!A:D,3,) -> Benner | C11: =VLOOKUP(A11,'Medical Examinations'!A:H,2,) -> 38.06 | D11: =VLOOKUP(A11,'Medical Examinations'!A:H,3,) -> 10.79 | E11: =VLOOKUP(A11,'Medical Examinations'!A:H,4,) -> No | F11: =VLOOKUP(A11,'Medical Examinations'!A:H,5,) -> No | G11: =VLOOKUP(A11,'Medical Examinations'!A:H,6,) -> No | H11: =VLOOKUP(A11,'Medical Examinations'!A:H,7,) -> No major surgery | I11: =VLOOKUP(A11,'Medical Examinations'!A:H,8,) -> yes | J11: =VLOOKUP('HEALTH CARE'!C11,'Data Transformation'!BR:BS,2,) -> OBESITY | K11: =VLOOKUP(D11,'Data Transformation'!BV:BW,2,) -> Diabetes | L11: =VLOOKUP(A11,'Hospitalisation Details'!A:J,10,) -> 29/Dec/1978 | M11: =VLOOKUP(A11,'Hospitalisation Details'!A:J,6,) -> 48885.14 | N11: =VLOOKUP(A11,'Hospitalisation Details'!A:J,7,) -> tier - 1 | O11: =VLOOKUP(A11,'Hospitalisation Details'!A:J,8,) -> tier - 2 | P11: =VLOOKUP(A11,'Hospitalisation Details'!A:J,9,) -> R1013 | Q11: =VLOOKUP(A11,'Data Transformation'!DZ:EA,2,) -> 45 | S11: yes | T11: 404 | U11: 84 | W11: 488
A12: ='Customer Names'!A12 -> Id11 | B12: =VLOOKUP(A12,'Data Transformation'!A:D,3,) -> Fierro Vargas | C12: =VLOOKUP(A12,'Medical Examinations'!A:H,2,) -> 37.7 | D12: =VLOOKUP(A12,'Medical Examinations'!A:H,3,) -> 5.96 | E12: =VLOOKUP(A12,'Medical Examinations'!A:H,4,) -> yes | F12: =VLOOKUP(A12,'Medical Examinations'!A:H,5,) -> No | G12: =VLOOKUP(A12,'Medical Examinations'!A:H,6,) -> No | H12: =VLOOKUP(A12,'Medical Examinations'!A:H,7,) -> 2 | I12: =VLOOKUP(A12,'Medical Examinations'!A:H,8,) -> yes | J12: =VLOOKUP('HEALTH CARE'!C12,'Data Transformation'!BR:BS,2,) -> OBESITY | K12: =VLOOKUP(D12,'Data Transformation'!BV:BW,2,) -> Prediabetes | L12: =VLOOKUP(A12,'Hospitalisation Details'!A:J,10,) -> 22/Jul/1959 | M12: =VLOOKUP(A12,'Hospitalisation Details'!A:J,6,) -> 48824.45 | N12: =VLOOKUP(A12,'Hospitalisation Details'!A:J,7,) -> tier - 2 | O12: =VLOOKUP(A12,'Hospitalisation Details'!A:J,8,) -> tier - 1 | P12: =VLOOKUP(A12,'Hospitalisation Details'!A:J,9,) -> R1011 | Q12: =VLOOKUP(A12,'Data Transformation'!DZ:EA,2,) -> 64 | S12: (blank)
A13: ='Customer Names'!A13 -> Id12 | B13: =VLOOKUP(A13,'Data Transformation'!A:D,3,) -> Franz | C13: =VLOOKUP(A13,'Medical Examinations'!A:H,2,) -> 42.13 | D13: =VLOOKUP(A13,'Medical Examinations'!A:H,3,) -> 11.9 | E13: =VLOOKUP(A13,'Medical Examinations'!A:H,4,) -> No | F13: =VLOOKUP(A13,'Medical Examinations'!A:H,5,) -> No | G13: =VLOOKUP(A13,'Medical Examinations'!A:H,6,) -> No | H13: =VLOOKUP(A13,'Medical Examinations'!A:H,7,) -> No major surgery | I13: =VLOOKUP(A13,'Medical Examinations'!A:H,8,) -> yes | J13: =VLOOKUP('HEALTH CARE'!C13,'Data Transformation'!BR:BS,2,) -> OBESITY | K13: =VLOOKUP(D13,'Data Transformation'!BV:BW,2,) -> Diabetes | L13: =VLOOKUP(A13,'Hospitalisation Details'!A:J,10,) -> 27/Oct/1965 | M13: =VLOOKUP(A13,'Hospitalisation Details'!A:J,6,) -> 48675.52 | N13: =VLOOKUP(A13,'Hospitalisation Details'!A:J,7,) -> tier - 1 | O13: =VLOOKUP(A13,'Hospitalisation Details'!A:J,8,) -> tier - 2 | P13: =VLOOKUP(A13,'Hospitalisation Details'!A:J,9,) -> R1013 | Q13: =VLOOKUP(A13,'Data Transformation'!DZ:EA,2,) -> 58 | S13: Grand Total | T13: 1944 | U13: 391 | W13: 2335
A14: ='Customer Names'!A14 -> Id13 | B14: =VLOOKUP(A14,'Data Transformation'!A:D,3,) -> Foster | C14: =VLOOKUP(A14,'Medical Examinations'!A:H,2,) -> 40.92 | D14: =VLOOKUP(A14,'Medical Examinations'!A:H,3,) -> 8.41 | E14: =VLOOKUP(A14,'Medical Examinations'!A:H,4,) -> No | F14: =VLOOKUP(A14,'Medical Examinations'!A:H,5,) -> No | G14: =VLOOKUP(A14,'Medical Examinations'!A:H,6,) -> No | H14: =VLOOKUP(A14,'Medical Examinations'!A:H,7,) -> No major surgery | I14: =VLOOKUP(A14,'Medical Examinations'!A:H,8,) -> yes | J14: =VLOOKUP('HEALTH CARE'!C14,'Data Transformation'!BR:BS,2,) -> OBESITY | K14: =VLOOKUP(D14,'Data Transformation'!BV:BW,2,) -> Diabetes | L14: =VLOOKUP(A14,'Hospitalisation Details'!A:J,10,) -> 11/Oct/1962 | M14: =VLOOKUP(A14,'Hospitalisation Details'!A:J,6,) -> 48673.56 | N14: =VLOOKUP(A14,'Hospitalisation Details'!A:J,7,) -> tier - 1 | O14: =VLOOKUP(A14,'Hospitalisation Details'!A:J,8,) -> tier - 2 | P14: =VLOOKUP(A14,'Hospitalisation Details'!A:J,9,) -> R1013 | Q14: =VLOOKUP(A14,'Data Transformation'!DZ:EA,2,) -> 61
A15: ='Customer Names'!A15 -> Id14 | B15: =VLOOKUP(A15,'Data Transformation'!A:D,3,) -> Tenorio | C15: =VLOOKUP(A15,'Medical Examinations'!A:H,2,) -> 40.565 | D15: =VLOOKUP(A15,'Medical Examinations'!A:H,3,) -> 7.02 | E15: =VLOOKUP(A15,'Medical Examinations'!A:H,4,) -> No | F15: =VLOOKUP(A15,'Medical Examinations'!A:H,5,) -> No | G15: =VLOOKUP(A15,'Medical Examinations'!A:H,6,) -> No | H15: =VLOOKUP(A15,'Medical Examinations'!A:H,7,) -> No major surgery | I15: =VLOOKUP(A15,'Medical Examinations'!A:H,8,) -> yes | J15: =VLOOKUP('HEALTH CARE'!C15,'Data Transformation'!BR:BS,2,) -> OBESITY | K15: =VLOOKUP(D15,'Data Transformation'!BV:BW,2,) -> Diabetes | L15: =VLOOKUP(A15,'Hospitalisation Details'!A:J,10,) -> 1/Dec/1968 | M15: =VLOOKUP(A15,'Hospitalisation Details'!A:J,6,) -> 48549.18 | N15: =VLOOKUP(A15,'Hospitalisation Details'!A:J,7,) -> tier - 1 | O15: =VLOOKUP(A15,'Hospitalisation Details'!A:J,8,) -> tier - 3 | P15: =VLOOKUP(A15,'Hospitalisation Details'!A:J,9,) -> R1016 | Q15: =VLOOKUP(A15,'Data Transformation'!DZ:EA,2,) -> 55
A16: ='Customer Names'!A16 -> Id15 | B16: =VLOOKUP(A16,'Data Transformation'!A:D,3,) -> Rios | C16: =VLOOKUP(A16,'Medical Examinations'!A:H,2,) -> 36.385 | D16: =VLOOKUP(A16,'Medical Examinations'!A:H,3,) -> 7.59 | E16: =VLOOKUP(A16,'Medical Examinations'!A:H,4,) -> yes | F16: =VLOOKUP(A16,'Medical Examinations'!A:H,5,) -> No | G16: =VLOOKUP(A16,'Medical Examinations'!A:H,6,) -> No | H16: =VLOOKUP(A16,'Medical Examinations'!A:H,7,) -> 2 | I16: =VLOOKUP(A16,'Medical Examinations'!A:H,8,) -> yes | J16: =VLOOKUP('HEALTH CARE'!C16,'Data Transformation'!BR:BS,2,) -> OBESITY | K16: =VLOOKUP(D16,'Data Transformation'!BV:BW,2,) -> Diabetes | L16: =VLOOKUP(A16,'Hospitalisation Details'!A:J,10,) -> 21/Dec/1961 | M16: =VLOOKUP(A16,'Hospitalisation Details'!A:J,6,) -> 48517.56 | N16: =VLOOKUP(A16,'Hospitalisation Details'!A:J,7,) -> tier - 1 | O16: =VLOOKUP(A16,'Hospitalisation Details'!A:J,8,) -> tier - 3 | P16: =VLOOKUP(A16,'Hospitalisation Details'!A:J,9,) -> R1024 | Q16: =VLOOKUP(A16,'Data Transformation'!DZ:EA,2,) -> 62
A17: ='Customer Names'!A17 -> Id16 | B17: =VLOOKUP(A17,'Data Transformation'!A:D,3,) -> Viau-Dupuis | C17: =VLOOKUP(A17,'Medical Examinations'!A:H,2,) -> 39.9 | D17: =VLOOKUP(A17,'Medical Examinations'!A:H,3,) -> 11.32 | E17: =VLOOKUP(A17,'Medical Examinations'!A:H,4,) -> No | F17: =VLOOKUP(A17,'Medical Examinations'!A:H,5,) -> No | G17: =VLOOKUP(A17,'Medical Examinations'!A:H,6,) -> No | H17: =VLOOKUP(A17,'Medical Examinations'!A:H,7,) -> No major surgery | I17: =VLOOKUP(A17,'Medical Examinations'!A:H,8,) -> yes | J17: =VLOOKUP('HEALTH CARE'!C17,'Data Transformation'!BR:BS,2,) -> OBESITY | K17: =VLOOKUP(D17,'Data Transformation'!BV:BW,2,) -> Diabetes | L17: =VLOOKUP(A17,'Hospitalisation Details'!A:J,10,) -> 27/Aug/1962 | M17: =VLOOKUP(A17,'Hospitalisation Details'!A:J,6,) -> 48173.36 | N17: =VLOOKUP(A17,'Hospitalisation Details'!A:J,7,) -> tier - 1 | O17: =VLOOKUP(A17,'Hospitalisation Details'!A:J,8,) -> tier - 3 | P17: =VLOOKUP(A17,'Hospitalisation Details'!A:J,9,) -> R1011 | Q17: =VLOOKUP(A17,'Data Transformation'!DZ:EA,2,) -> 61
A18: ='Customer Names'!A18 -> Id17 | B18: =VLOOKUP(A18,'Data Transformation'!A:D,3,) -> Cronin | C18: =VLOOKUP(A18,'Medical Examinations'!A:H,2,) -> 33.8 | D18: =VLOOKUP(A18,'Medical Examinations'!A:H,3,) -> 7.67 | E18: =VLOOKUP(A18,'Medical Examinations'!A:H,4,) -> No | F18: =VLOOKUP(A18,'Medical Examinations'!A:H,5,) -> No | G18: =VLOOKUP(A18,'Medical Examinations'!A:H,6,) -> No | H18: =VLOOKUP(A18,'Medical Examinations'!A:H,7,) -> 3 | I18: =VLOOKUP(A18,'Medical Examinations'!A:H,8,) -> yes | J18: =VLOOKUP('HEALTH CARE'!C18,'Data Transformation'!BR:BS,2,) -> OBESITY | K18: =VLOOKUP(D18,'Data Transformation'!BV:BW,2,) -> Diabetes | L18: =VLOOKUP(A18,'Hospitalisation Details'!A:J,10,) -> 16/Nov/1958 | M18: =VLOOKUP(A18,'Hospitalisation Details'!A:J,6,) -> 47928.03 | N18: =VLOOKUP(A18,'Hospitalisation Details'!A:J,7,) -> tier - 2 | O18: =VLOOKUP(A18,'Hospitalisation Details'!A:J,8,) -> tier - 3 | P18: =VLOOKUP(A18,'Hospitalisation Details'!A:J,9,) -> R1011 | Q18: =VLOOKUP(A18,'Data Transformation'!DZ:EA,2,) -> 65
A19: ='Customer Names'!A19 -> Id18 | B19: =VLOOKUP(A19,'Data Transformation'!A:D,3,) -> Noordstar | C19: =VLOOKUP(A19,'Medical Examinations'!A:H,2,) -> 36.765 | D19: =VLOOKUP(A19,'Medical Examinations'!A:H,3,) -> 7.29 | E19: =VLOOKUP(A19,'Medical Examinations'!A:H,4,) -> yes | F19: =VLOOKUP(A19,'Medical Examinations'!A:H,5,) -> No | G19: =VLOOKUP(A19,'Medical Examinations'!A:H,6,) -> Yes | H19: =VLOOKUP(A19,'Medical Examinations'!A:H,7,) -> 1 | I19: =VLOOKUP(A19,'Medical Examinations'!A:H,8,) -> yes | J19: =VLOOKUP('HEALTH CARE'!C19,'Data Transformation'!BR:BS,2,) -> OBESITY | K19: =VLOOKUP(D19,'Data Transformation'!BV:BW,2,) -> Diabetes | L19: =VLOOKUP(A19,'Hospitalisation Details'!A:J,10,) -> 5/Aug/1963 | M19: =VLOOKUP(A19,'Hospitalisation Details'!A:J,6,) -> 47896.79 | N19: =VLOOKUP(A19,'Hospitalisation Details'!A:J,7,) -> tier - 1 | O19: =VLOOKUP(A19,'Hospitalisation Details'!A:J,8,) -> tier - 3 | P19: =VLOOKUP(A19,'Hospitalisation Details'!A:J,9,) -> R1024 | Q19: =VLOOKUP(A19,'Data Transformation'!DZ:EA,2,) -> 60
A20: ='Customer Names'!A20 -> Id19 | B20: =VLOOKUP(A20,'Data Transformation'!A:D,3,) -> Boudalia | C20: =VLOOKUP(A20,'Medical Examinations'!A:H,2,) -> 36.955 | D20: =VLOOKUP(A20,'Medical Examinations'!A:H,3,) -> 4.72 | E20: =VLOOKUP(A20,'Medical Examinations'!A:H,4,) -> yes | F20: =VLOOKUP(A20,'Medical Examinations'!A:H,5,) -> No | G20: =VLOOKUP(A20,'Medical Examinations'!A:H,6,) -> No | H20: =VLOOKUP(A20,'Medical Examinations'!A:H,7,) -> 1 | I20: =VLOOKUP(A20,'Medical Examinations'!A:H,8,) -> yes | J20: =VLOOKUP('HEALTH CARE'!C20,'Data Transformation'!BR:BS,2,) -> OBESITY | K20: =VLOOKUP(D20,'Data Transformation'!BV:BW,2,) -> NORMAL | L20: =VLOOKUP(A20,'Hospitalisation Details'!A:J,10,) -> 7/Nov/1964 | M20: =VLOOKUP(A20,'Hospitalisation Details'!A:J,6,) -> 47496.49 | N20: =VLOOKUP(A20,'Hospitalisation Details'!A:J,7,) -> tier - 1 | O20: =VLOOKUP(A20,'Hospitalisation Details'!A:J,8,) -> tier - 3 | P20: =VLOOKUP(A20,'Hospitalisation Details'!A:J,9,) -> R1012 | Q20: =VLOOKUP(A20,'Data Transformation'!DZ:EA,2,) -> 59
A21: ='Customer Names'!A21 -> Id20 | B21: =VLOOKUP(A21,'Data Transformation'!A:D,3,) -> Flor | C21: =VLOOKUP(A21,'Medical Examinations'!A:H,2,) -> 42.9 | D21: =VLOOKUP(A21,'Medical Examinations'!A:H,3,) -> 11.41 | E21: =VLOOKUP(A21,'Medical Examinations'!A:H,4,) -> No | F21: =VLOOKUP(A21,'Medical Examinations'!A:H,5,) -> No | G21: =VLOOKUP(A21,'Medical Examinations'!A:H,6,) -> No | H21: =VLOOKUP(A21,'Medical Examinations'!A:H,7,) -> No major surgery | I21: =VLOOKUP(A21,'Medical Examinations'!A:H,8,) -> yes | J21: =VLOOKUP('HEALTH CARE'!C21,'Data Transformation'!BR:BS,2,) -> OBESITY | K21: =VLOOKUP(D21,'Data Transformation'!BV:BW,2,) -> Diabetes | L21: =VLOOKUP(A21,'Hospitalisation Details'!A:J,10,) -> 27/Sep/1971 | M21: =VLOOKUP(A21,'Hospitalisation Details'!A:J,6,) -> 47462.89 | N21: =VLOOKUP(A21,'Hospitalisation Details'!A:J,7,) -> tier - 1 | O21: =VLOOKUP(A21,'Hospitalisation Details'!A:J,8,) -> tier - 2 | P21: =VLOOKUP(A21,'Hospitalisation Details'!A:J,9,) -> R1013 | Q21: =VLOOKUP(A21,'Data Transformation'!DZ:EA,2,) -> 52
A22: ='Customer Names'!A22 -> Id21 | B22: =VLOOKUP(A22,'Data Transformation'!A:D,3,) -> Fennon | C22: =VLOOKUP(A22,'Medical Examinations'!A:H,2,) -> 36.3 | D22: =VLOOKUP(A22,'Medical Examinations'!A:H,3,) -> 11.5 | E22: =VLOOKUP(A22,'Medical Examinations'!A:H,4,) -> yes | F22: =VLOOKUP(A22,'Medical Examinations'!A:H,5,) -> No | G22: =VLOOKUP(A22,'Medical Examinations'!A:H,6,) -> No | H22: =VLOOKUP(A22,'Medical Examinations'!A:H,7,) -> 2 | I22: =VLOOKUP(A22,'Medical Examinations'!A:H,8,) -> yes | J22: =VLOOKUP('HEALTH CARE'!C22,'Data Transformation'!BR:BS,2,) -> OBESITY | K22: =VLOOKUP(D22,'Data Transformation'!BV:BW,2,) -> Diabetes | L22: =VLOOKUP(A22,'Hospitalisation Details'!A:J,10,) -> 13/Jun/1961 | M22: =VLOOKUP(A22,'Hospitalisation Details'!A:J,6,) -> 47403.88 | N22: =VLOOKUP(A22,'Hospitalisation Details'!A:J,7,) -> tier - 1 | O22: =VLOOKUP(A22,'Hospitalisation Details'!A:J,8,) -> tier - 3 | P22: =VLOOKUP(A22,'Hospitalisation Details'!A:J,9,) -> R1011 | Q22: =VLOOKUP(A22,'Data Transformation'!DZ:EA,2,) -> 62
A23: ='Customer Names'!A23 -> Id22 | B23: =VLOOKUP(A23,'Data Transformation'!A:D,3,) -> Hribar | C23: =VLOOKUP(A23,'Medical Examinations'!A:H,2,) -> 32.2 | D23: =VLOOKUP(A23,'Medical Examinations'!A:H,3,) -> 6.22 | E23: =VLOOKUP(A23,'Medical Examinations'!A:H,4,) -> yes | F23: =VLOOKUP(A23,'Medical Examinations'!A:H,5,) -> No | G23: =VLOOKUP(A23,'Medical Examinations'!A:H,6,) -> No | H23: =VLOOKUP(A23,'Medical Examinations'!A:H,7,) -> 2 | I23: =VLOOKUP(A23,'Medical Examinations'!A:H,8,) -> yes | J23: =VLOOKUP('HEALTH CARE'!C23,'Data Transformation'!BR:BS,2,) -> OBESITY | K23: =VLOOKUP(D23,'Data Transformation'!BV:BW,2,) -> Prediabetes | L23: =VLOOKUP(A23,'Hospitalisation Details'!A:J,10,) -> 4/Oct/1959 | M23: =VLOOKUP(A23,'Hospitalisation Details'!A:J,6,) -> 47305.31 | N23: =VLOOKUP(A23,'Hospitalisation Details'!A:J,7,) -> tier - 2 | O23: =VLOOKUP(A23,'Hospitalisation Details'!A:J,8,) -> tier - 1 | P23: =VLOOKUP(A23,'Hospitalisation Details'!A:J,9,) -> R1011 | Q23: =VLOOKUP(A23,'Data Transformation'!DZ:EA,2,) -> 64
A24: ='Customer Names'!A24 -> Id23 | B24: =VLOOKUP(A24,'Data Transformation'!A:D,3,) -> Tassello | C24: =VLOOKUP(A24,'Medical Examinations'!A:H,2,) -> 31.3 | D24: =VLOOKUP(A24,'Medical Examinations'!A:H,3,) -> 11.38 | E24: =VLOOKUP(A24,'Medical Examinations'!A:H,4,) -> No | F24: =VLOOKUP(A24,'Medical Examinations'!A:H,5,) -> No | G24: =VLOOKUP(A24,'Medical Examinations'!A:H,6,) -> No | H24: =VLOOKUP(A24,'Medical Examinations'!A:H,7,) -> 3 | I24: =VLOOKUP(A24,'Medical Examinations'!A:H,8,) -> yes | J24: =VLOOKUP('HEALTH CARE'!C24,'Data Transformation'!BR:BS,2,) -> OBESITY | K24: =VLOOKUP(D24,'Data Transformation'!BV:BW,2,) -> Diabetes | L24: =VLOOKUP(A24,'Hospitalisation Details'!A:J,10,) -> 3/Sep/1958 | M24: =VLOOKUP(A24,'Hospitalisation Details'!A:J,6,) -> 47291.06 | N24: =VLOOKUP(A24,'Hospitalisation Details'!A:J,7,) -> tier - 2 | O24: =VLOOKUP(A24,'Hospitalisation Details'!A:J,8,) -> tier - 1 | P24: =VLOOKUP(A24,'Hospitalisation Details'!A:J,9,) -> R1011 | Q24: =VLOOKUP(A24,'Data Transformation'!DZ:EA,2,) -> 65 | AU24: Hospital tier | AV24: Average of charges
A25: ='Customer Names'!A25 -> Id24 | B25: =VLOOKUP(A25,'Data Transformation'!A:D,3,) -> Mauricette | C25: =VLOOKUP(A25,'Medical Examinations'!A:H,2,) -> 41.8 | D25: =VLOOKUP(A25,'Medical Examinations'!A:H,3,) -> 7.89 | E25: =VLOOKUP(A25,'Medical Examinations'!A:H,4,) -> yes | F25: =VLOOKUP(A25,'Medical Examinations'!A:H,5,) -> No | G25: =VLOOKUP(A25,'Medical Examinations'!A:H,6,) -> No | H25: =VLOOKUP(A25,'Medical Examinations'!A:H,7,) -> 2 | I25: =VLOOKUP(A25,'Medical Examinations'!A:H,8,) -> yes | J25: =VLOOKUP('HEALTH CARE'!C25,'Data Transformation'!BR:BS,2,) -> OBESITY | K25: =VLOOKUP(D25,'Data Transformation'!BV:BW,2,) -> Diabetes | L25: =VLOOKUP(A25,'Hospitalisation Details'!A:J,10,) -> 28/Dec/1970 | M25: =VLOOKUP(A25,'Hospitalisation Details'!A:J,6,) -> 47269.85 | N25: =VLOOKUP(A25,'Hospitalisation Details'!A:J,7,) -> tier - 1 | O25: =VLOOKUP(A25,'Hospitalisation Details'!A:J,8,) -> tier - 2 | P25: =VLOOKUP(A25,'Hospitalisation Details'!A:J,9,) -> R1013 | Q25: =VLOOKUP(A25,'Data Transformation'!DZ:EA,2,) -> 53 | AU25: tier - 1 | AV25: 30129.199
A26: ='Customer Names'!A26 -> Id25 | B26: =VLOOKUP(A26,'Data Transformation'!A:D,3,) -> Garcia | C26: =VLOOKUP(A26,'Medical Examinations'!A:H,2,) -> 35.09 | D26: =VLOOKUP(A26,'Medical Examinations'!A:H,3,) -> 4.38 | E26: =VLOOKUP(A26,'Medical Examinations'!A:H,4,) -> yes | F26: =VLOOKUP(A26,'Medical Examinations'!A:H,5,) -> No | G26: =VLOOKUP(A26,'Medical Examinations'!A:H,6,) -> No | H26: =VLOOKUP(A26,'Medical Examinations'!A:H,7,) -> 2 | I26: =VLOOKUP(A26,'Medical Examinations'!A:H,8,) -> yes | J26: =VLOOKUP('HEALTH CARE'!C26,'Data Transformation'!BR:BS,2,) -> OBESITY | K26: =VLOOKUP(D26,'Data Transformation'!BV:BW,2,) -> NORMAL | L26: =VLOOKUP(A26,'Hospitalisation Details'!A:J,10,) -> 14/Jul/1959 | M26: =VLOOKUP(A26,'Hospitalisation Details'!A:J,6,) -> 47055.53 | N26: =VLOOKUP(A26,'Hospitalisation Details'!A:J,7,) -> tier - 2 | O26: =VLOOKUP(A26,'Hospitalisation Details'!A:J,8,) -> tier - 1 | P26: =VLOOKUP(A26,'Hospitalisation Details'!A:J,9,) -> R1013 | Q26: =VLOOKUP(A26,'Data Transformation'!DZ:EA,2,) -> 64 | AU26: tier - 2 | AV26: 11865.269
A27: ='Customer Names'!A27 -> Id26 | B27: =VLOOKUP(A27,'Data Transformation'!A:D,3,) -> Airoldi | C27: =VLOOKUP(A27,'Medical Examinations'!A:H,2,) -> 33.88 | D27: =VLOOKUP(A27,'Medical Examinations'!A:H,3,) -> 7.01 | E27: =VLOOKUP(A27,'Medical Examinations'!A:H,4,) -> No | F27: =VLOOKUP(A27,'Medical Examinations'!A:H,5,) -> No | G27: =VLOOKUP(A27,'Medical Examinations'!A:H,6,) -> No | H27: =VLOOKUP(A27,'Medical Examinations'!A:H,7,) -> 3 | I27: =VLOOKUP(A27,'Medical Examinations'!A:H,8,) -> yes | J27: =VLOOKUP('HEALTH CARE'!C27,'Data Transformation'!BR:BS,2,) -> OBESITY | K27: =VLOOKUP(D27,'Data Transformation'!BV:BW,2,) -> Diabetes | L27: =VLOOKUP(A27,'Hospitalisation Details'!A:J,10,) -> 15/Sep/1958 | M27: =VLOOKUP(A27,'Hospitalisation Details'!A:J,6,) -> 46889.26 | N27: =VLOOKUP(A27,'Hospitalisation Details'!A:J,7,) -> tier - 2 | O27: =VLOOKUP(A27,'Hospitalisation Details'!A:J,8,) -> tier - 3 | P27: =VLOOKUP(A27,'Hospitalisation Details'!A:J,9,) -> R1013 | Q27: =VLOOKUP(A27,'Data Transformation'!DZ:EA,2,) -> 65 | AU27: tier - 3 | AV27: 9462.2693
A28: ='Customer Names'!A28 -> Id27 | B28: =VLOOKUP(A28,'Data Transformation'!A:D,3,) -> Cater-Cyker | C28: =VLOOKUP(A28,'Medical Examinations'!A:H,2,) -> 30.875 | D28: =VLOOKUP(A28,'Medical Examinations'!A:H,3,) -> 11.88 | E28: =VLOOKUP(A28,'Medical Examinations'!A:H,4,) -> No | F28: =VLOOKUP(A28,'Medical Examinations'!A:H,5,) -> No | G28: =VLOOKUP(A28,'Medical Examinations'!A:H,6,) -> No | H28: =VLOOKUP(A28,'Medical Examinations'!A:H,7,) -> No major surgery | I28: =VLOOKUP(A28,'Medical Examinations'!A:H,8,) -> yes | J28: =VLOOKUP('HEALTH CARE'!C28,'Data Transformation'!BR:BS,2,) -> OBESITY | K28: =VLOOKUP(D28,'Data Transformation'!BV:BW,2,) -> Diabetes | L28: =VLOOKUP(A28,'Hospitalisation Details'!A:J,10,) -> 17/Nov/1960 | M28: =VLOOKUP(A28,'Hospitalisation Details'!A:J,6,) -> 46718.16 | N28: =VLOOKUP(A28,'Hospitalisation Details'!A:J,7,) -> tier - 1 | O28: =VLOOKUP(A28,'Hospitalisation Details'!A:J,8,) -> tier - 1 | P28: =VLOOKUP(A28,'Hospitalisation Details'!A:J,9,) -> R1012 | Q28: =VLOOKUP(A28,'Data Transformation'!DZ:EA,2,) -> 63
A29: ='Customer Names'!A29 -> Id28 | B29: =VLOOKUP(A29,'Data Transformation'!A:D,3,) -> Hamm | C29: =VLOOKUP(A29,'Medical Examinations'!A:H,2,) -> 36.86 | D29: =VLOOKUP(A29,'Medical Examinations'!A:H,3,) -> 5.19 | E29: =VLOOKUP(A29,'Medical Examinations'!A:H,4,) -> yes | F29: =VLOOKUP(A29,'Medical Examinations'!A:H,5,) -> No | G29: =VLOOKUP(A29,'Medical Examinations'!A:H,6,) -> Yes | H29: =VLOOKUP(A29,'Medical Examinations'!A:H,7,) -> 1 | I29: =VLOOKUP(A29,'Medical Examinations'!A:H,8,) -> yes | J29: =VLOOKUP('HEALTH CARE'!C29,'Data Transformation'!BR:BS,2,) -> OBESITY | K29: =VLOOKUP(D29,'Data Transformation'!BV:BW,2,) -> NORMAL | L29: =VLOOKUP(A29,'Hospitalisation Details'!A:J,10,) -> 23/Jun/1969 | M29: =VLOOKUP(A29,'Hospitalisation Details'!A:J,6,) -> 46661.44 | N29: =VLOOKUP(A29,'Hospitalisation Details'!A:J,7,) -> tier - 1 | O29: =VLOOKUP(A29,'Hospitalisation Details'!A:J,8,) -> tier - 3 | P29: =VLOOKUP(A29,'Hospitalisation Details'!A:J,9,) -> R1012 | Q29: =VLOOKUP(A29,'Data Transformation'!DZ:EA,2,) -> 54
A30: ='Customer Names'!A30 -> Id29 | B30: =VLOOKUP(A30,'Data Transformation'!A:D,3,) -> Cox | C30: =VLOOKUP(A30,'Medical Examinations'!A:H,2,) -> 35.86 | D30: =VLOOKUP(A30,'Medical Examinations'!A:H,3,) -> 6.74 | E30: =VLOOKUP(A30,'Medical Examinations'!A:H,4,) -> yes | F30: =VLOOKUP(A30,'Medical Examinations'!A:H,5,) -> No | G30: =VLOOKUP(A30,'Medical Examinations'!A:H,6,) -> No | H30: =VLOOKUP(A30,'Medical Examinations'!A:H,7,) -> 2 | I30: =VLOOKUP(A30,'Medical Examinations'!A:H,8,) -> yes | J30: =VLOOKUP('HEALTH CARE'!C30,'Data Transformation'!BR:BS,2,) -> OBESITY | K30: =VLOOKUP(D30,'Data Transformation'!BV:BW,2,) -> Diabetes | L30: =VLOOKUP(A30,'Hospitalisation Details'!A:J,10,) -> 8/Aug/1961 | M30: =VLOOKUP(A30,'Hospitalisation Details'!A:J,6,) -> 46599.11 | N30: =VLOOKUP(A30,'Hospitalisation Details'!A:J,7,) -> tier - 1 | O30: =VLOOKUP(A30,'Hospitalisation Details'!A:J,8,) -> tier - 1 | P30: =VLOOKUP(A30,'Hospitalisation Details'!A:J,9,) -> R1013 | Q30: =VLOOKUP(A30,'Data Transformation'!DZ:EA,2,) -> 62
A31: ='Customer Names'!A31 -> Id30 | B31: =VLOOKUP(A31,'Data Transformation'!A:D,3,) -> Sachrajda | C31: =VLOOKUP(A31,'Medical Examinations'!A:H,2,) -> 37.05 | D31: =VLOOKUP(A31,'Medical Examinations'!A:H,3,) -> 8.44 | E31: =VLOOKUP(A31,'Medical Examinations'!A:H,4,) -> No | F31: =VLOOKUP(A31,'Medical Examinations'!A:H,5,) -> No | G31: =VLOOKUP(A31,'Medical Examinations'!A:H,6,) -> No | H31: =VLOOKUP(A31,'Medical Examinations'!A:H,7,) -> No major surgery | I31: =VLOOKUP(A31,'Medical Examinations'!A:H,8,) -> yes | J31: =VLOOKUP('HEALTH CARE'!C31,'Data Transformation'!BR:BS,2,) -> OBESITY | K31: =VLOOKUP(D31,'Data Transformation'!BV:BW,2,) -> Diabetes | L31: =VLOOKUP(A31,'Hospitalisation Details'!A:J,10,) -> 6/Dec/1971 | M31: =VLOOKUP(A31,'Hospitalisation Details'!A:J,6,) -> 46255.11 | N31: =VLOOKUP(A31,'Hospitalisation Details'!A:J,7,) -> tier - 1 | O31: =VLOOKUP(A31,'Hospitalisation Details'!A:J,8,) -> tier - 3 | P31: =VLOOKUP(A31,'Hospitalisation Details'!A:J,9,) -> R1024 | Q31: =VLOOKUP(A31,'Data Transformation'!DZ:EA,2,) -> 52
A32: ='Customer Names'!A32 -> Id31 | B32: =VLOOKUP(A32,'Data Transformation'!A:D,3,) -> Gareri | C32: =VLOOKUP(A32,'Medical Examinations'!A:H,2,) -> 43.89 | D32: =VLOOKUP(A32,'Medical Examinations'!A:H,3,) -> 8.71 | E32: =VLOOKUP(A32,'Medical Examinations'!A:H,4,) -> No | F32: =VLOOKUP(A32,'Medical Examinations'!A:H,5,) -> No | G32: =VLOOKUP(A32,'Medical Examinations'!A:H,6,) -> No | H32: =VLOOKUP(A32,'Medical Examinations'!A:H,7,) -> No major surgery | I32: =VLOOKUP(A32,'Medical Examinations'!A:H,8,) -> yes | J32: =VLOOKUP('HEALTH CARE'!C32,'Data Transformation'!BR:BS,2,) -> OBESITY | K32: =VLOOKUP(D32,'Data Transformation'!BV:BW,2,) -> Diabetes | L32: =VLOOKUP(A32,'Hospitalisation Details'!A:J,10,) -> 17/Aug/1978 | M32: =VLOOKUP(A32,'Hospitalisation Details'!A:J,6,) -> 46200.99 | N32: =VLOOKUP(A32,'Hospitalisation Details'!A:J,7,) -> tier - 1 | O32: =VLOOKUP(A32,'Hospitalisation Details'!A:J,8,) -> tier - 1 | P32: =VLOOKUP(A32,'Hospitalisation Details'!A:J,9,) -> R1013 | Q32: =VLOOKUP(A32,'Data Transformation'!DZ:EA,2,) -> 45
A33: ='Customer Names'!A33 -> Id32 | B33: =VLOOKUP(A33,'Data Transformation'!A:D,3,) -> Welch | C33: =VLOOKUP(A33,'Medical Examinations'!A:H,2,) -> 42.35 | D33: =VLOOKUP(A33,'Medical Examinations'!A:H,3,) -> 5.08 | E33: =VLOOKUP(A33,'Medical Examinations'!A:H,4,) -> yes | F33: =VLOOKUP(A33,'Medical Examinations'!A:H,5,) -> No | G33: =VLOOKUP(A33,'Medical Examinations'!A:H,6,) -> No | H33: =VLOOKUP(A33,'Medical Examinations'!A:H,7,) -> No major surgery | I33: =VLOOKUP(A33,'Medical Examinations'!A:H,8,) -> yes | J33: =VLOOKUP('HEALTH CARE'!C33,'Data Transformation'!BR:BS,2,) -> OBESITY | K33: =VLOOKUP(D33,'Data Transformation'!BV:BW,2,) -> NORMAL | L33: =VLOOKUP(A33,'Hospitalisation Details'!A:J,10,) -> 2/Dec/1976 | M33: =VLOOKUP(A33,'Hospitalisation Details'!A:J,6,) -> 46151.12 | N33: =VLOOKUP(A33,'Hospitalisation Details'!A:J,7,) -> tier - 1 | O33: =VLOOKUP(A33,'Hospitalisation Details'!A:J,8,) -> tier - 3 | P33: =VLOOKUP(A33,'Hospitalisation Details'!A:J,9,) -> R1013 | Q33: =VLOOKUP(A33,'Data Transformation'!DZ:EA,2,) -> 47
A34: ='Customer Names'!A34 -> Id33 | B34: =VLOOKUP(A34,'Data Transformation'!A:D,3,) -> Prindiville | C34: =VLOOKUP(A34,'Medical Examinations'!A:H,2,) -> 31.35 | D34: =VLOOKUP(A34,'Medical Examinations'!A:H,3,) -> 6.86 | E34: =VLOOKUP(A34,'Medical Examinations'!A:H,4,) -> No | F34: =VLOOKUP(A34,'Medical Examinations'!A:H,5,) -> No | G34: =VLOOKUP(A34,'Medical Examinations'!A:H,6,) -> No | H34: =VLOOKUP(A34,'Medical Examinations'!A:H,7,) -> No major surgery | I34: =VLOOKUP(A34,'Medical Examinations'!A:H,8,) -> yes | J34: =VLOOKUP('HEALTH CARE'!C34,'Data Transformation'!BR:BS,2,) -> OBESITY | K34: =VLOOKUP(D34,'Data Transformation'!BV:BW,2,) -> Diabetes | L34: =VLOOKUP(A34,'Hospitalisation Details'!A:J,10,) -> 4/Dec/1962 | M34: =VLOOKUP(A34,'Hospitalisation Details'!A:J,6,) -> 46130.53 | N34: =VLOOKUP(A34,'Hospitalisation Details'!A:J,7,) -> tier - 1 | O34: =VLOOKUP(A34,'Hospitalisation Details'!A:J,8,) -> tier - 1 | P34: =VLOOKUP(A34,'Hospitalisation Details'!A:J,9,) -> R1012 | Q34: =VLOOKUP(A34,'Data Transformation'!DZ:EA,2,) -> 61
A35: ='Customer Names'!A35 -> Id34 | B35: =VLOOKUP(A35,'Data Transformation'!A:D,3,) -> Kincaid | C35: =VLOOKUP(A35,'Medical Examinations'!A:H,2,) -> 47.6 | D35: =VLOOKUP(A35,'Medical Examinations'!A:H,3,) -> 5.95 | E35: =VLOOKUP(A35,'Medical Examinations'!A:H,4,) -> yes | F35: =VLOOKUP(A35,'Medical Examinations'!A:H,5,) -> No | G35: =VLOOKUP(A35,'Medical Examinations'!A:H,6,) -> No | H35: =VLOOKUP(A35,'Medical Examinations'!A:H,7,) -> No major surgery | I35: =VLOOKUP(A35,'Medical Examinations'!A:H,8,) -> yes | J35: =VLOOKUP('HEALTH CARE'!C35,'Data Transformation'!BR:BS,2,) -> OBESITY | K35: =VLOOKUP(D35,'Data Transformation'!BV:BW,2,) -> Prediabetes | L35: =VLOOKUP(A35,'Hospitalisation Details'!A:J,10,) -> 30/Sep/1985 | M35: =VLOOKUP(A35,'Hospitalisation Details'!A:J,6,) -> 46113.51 | N35: =VLOOKUP(A35,'Hospitalisation Details'!A:J,7,) -> tier - 2 | O35: =VLOOKUP(A35,'Hospitalisation Details'!A:J,8,) -> tier - 3 | P35: =VLOOKUP(A35,'Hospitalisation Details'!A:J,9,) -> R1011 | Q35: =VLOOKUP(A35,'Data Transformation'!DZ:EA,2,) -> 38
A36: ='Customer Names'!A36 -> Id35 | B36: =VLOOKUP(A36,'Data Transformation'!A:D,3,) -> Bruestle | C36: =VLOOKUP(A36,'Medical Examinations'!A:H,2,) -> 46.2 | D36: =VLOOKUP(A36,'Medical Examinations'!A:H,3,) -> 6.09 | E36: =VLOOKUP(A36,'Medical Examinations'!A:H,4,) -> No | F36: =VLOOKUP(A36,'Medical Examinations'!A:H,5,) -> No | G36: =VLOOKUP(A36,'Medical Examinations'!A:H,6,) -> Yes | H36: =VLOOKUP(A36,'Medical Examinations'!A:H,7,) -> 1 | I36: =VLOOKUP(A36,'Medical Examinations'!A:H,8,) -> yes | J36: =VLOOKUP('HEALTH CARE'!C36,'Data Transformation'!BR:BS,2,) -> OBESITY | K36: =VLOOKUP(D36,'Data Transformation'!BV:BW,2,) -> Prediabetes | L36: =VLOOKUP(A36,'Hospitalisation Details'!A:J,10,) -> 12/Aug/1979 | M36: =VLOOKUP(A36,'Hospitalisation Details'!A:J,6,) -> 45863.21 | N36: =VLOOKUP(A36,'Hospitalisation Details'!A:J,7,) -> tier - 2 | O36: =VLOOKUP(A36,'Hospitalisation Details'!A:J,8,) -> tier - 1 | P36: =VLOOKUP(A36,'Hospitalisation Details'!A:J,9,) -> R1013 | Q36: =VLOOKUP(A36,'Data Transformation'!DZ:EA,2,) -> 44
A37: ='Customer Names'!A37 -> Id36 | B37: =VLOOKUP(A37,'Data Transformation'!A:D,3,) -> Lachance | C37: =VLOOKUP(A37,'Medical Examinations'!A:H,2,) -> 32.015 | D37: =VLOOKUP(A37,'Medical Examinations'!A:H,3,) -> 11.75 | E37: =VLOOKUP(A37,'Medical Examinations'!A:H,4,) -> No | F37: =VLOOKUP(A37,'Medical Examinations'!A:H,5,) -> No | G37: =VLOOKUP(A37,'Medical Examinations'!A:H,6,) -> No | H37: =VLOOKUP(A37,'Medical Examinations'!A:H,7,) -> No major surgery | I37: =VLOOKUP(A37,'Medical Examinations'!A:H,8,) -> yes | J37: =VLOOKUP('HEALTH CARE'!C37,'Data Transformation'!BR:BS,2,) -> OBESITY | K37: =VLOOKUP(D37,'Data Transformation'!BV:BW,2,) -> Diabetes | L37: =VLOOKUP(A37,'Hospitalisation Details'!A:J,10,) -> 21/Dec/1960 | M37: =VLOOKUP(A37,'Hospitalisation Details'!A:J,6,) -> 45710.21 | N37: =VLOOKUP(A37,'Hospitalisation Details'!A:J,7,) -> tier - 2 | O37: =VLOOKUP(A37,'Hospitalisation Details'!A:J,8,) -> tier - 2 | P37: =VLOOKUP(A37,'Hospitalisation Details'!A:J,9,) -> R1016 | Q37: =VLOOKUP(A37,'Data Transformation'!DZ:EA,2,) -> 63
A38: ='Customer Names'!A38 -> Id37 | B38: =VLOOKUP(A38,'Data Transformation'!A:D,3,) -> Eason | C38: =VLOOKUP(A38,'Medical Examinations'!A:H,2,) -> 40.565 | D38: =VLOOKUP(A38,'Medical Examinations'!A:H,3,) -> 7.37 | E38: =VLOOKUP(A38,'Medical Examinations'!A:H,4,) -> No | F38: =VLOOKUP(A38,'Medical Examinations'!A:H,5,) -> No | G38: =VLOOKUP(A38,'Medical Examinations'!A:H,6,) -> No | H38: =VLOOKUP(A38,'Medical Examinations'!A:H,7,) -> No major surgery | I38: =VLOOKUP(A38,'Medical Examinations'!A:H,8,) -> yes | J38: =VLOOKUP('HEALTH CARE'!C38,'Data Transformation'!BR:BS,2,) -> OBESITY | K38: =VLOOKUP(D38,'Data Transformation'!BV:BW,2,) -> Diabetes | L38: =VLOOKUP(A38,'Hospitalisation Details'!A:J,10,) -> 9/Aug/1974 | M38: =VLOOKUP(A38,'Hospitalisation Details'!A:J,6,) -> 45702.02 | N38: =VLOOKUP(A38,'Hospitalisation Details'!A:J,7,) -> tier - 2 | O38: =VLOOKUP(A38,'Hospitalisation Details'!A:J,8,) -> tier - 2 | P38: =VLOOKUP(A38,'Hospitalisation Details'!A:J,9,) -> R1012 | Q38: =VLOOKUP(A38,'Data Transformation'!DZ:EA,2,) -> 49
A39: ='Customer Names'!A39 -> Id38 | B39: =VLOOKUP(A39,'Data Transformation'!A:D,3,) -> Grummon | C39: =VLOOKUP(A39,'Medical Examinations'!A:H,2,) -> 32.45 | D39: =VLOOKUP(A39,'Medical Examinations'!A:H,3,) -> 11.91 | E39: =VLOOKUP(A39,'Medical Examinations'!A:H,4,) -> No | F39: =VLOOKUP(A39,'Medical Examinations'!A:H,5,) -> No | G39: =VLOOKUP(A39,'Medical Examinations'!A:H,6,) -> No | H39: =VLOOKUP(A39,'Medical Examinations'!A:H,7,) -> No major surgery | I39: =VLOOKUP(A39,'Medical Examinations'!A:H,8,) -> yes | J39: =VLOOKUP('HEALTH CARE'!C39,'Data Transformation'!BR:BS,2,) -> OBESITY | K39: =VLOOKUP(D39,'Data Transformation'!BV:BW,2,) -> Diabetes | L39: =VLOOKUP(A39,'Hospitalisation Details'!A:J,10,) -> 17/Dec/1962 | M39: =VLOOKUP(A39,'Hospitalisation Details'!A:J,6,) -> 45008.96 | N39: =VLOOKUP(A39,'Hospitalisation Details'!A:J,7,) -> tier - 2 | O39: =VLOOKUP(A39,'Hospitalisation Details'!A:J,8,) -> tier - 2 | P39: =VLOOKUP(A39,'Hospitalisation Details'!A:J,9,) -> R1013 | Q39: =VLOOKUP(A39,'Data Transformation'!DZ:EA,2,) -> 61
... A2336: ='Customer Names'!A2336 -> Id2335 | B2336: =VLOOKUP(A2336,'Data Transformation'!A:D,3,) -> German | C2336: =VLOOKUP(A2336,'Medical Examinations'!A:H,2,) -> 17.58 | D2336: =VLOOKUP(A2336,'Medical Examinations'!A:H,3,) -> 4.51 | E2336: =VLOOKUP(A2336,'Medical Examinations'!A:H,4,) -> No | F2336: =VLOOKUP(A2336,'Medical Examinations'!A:H,5,) -> No | G2336: =VLOOKUP(A2336,'Medical Examinations'!A:H,6,) -> No | H2336: =VLOOKUP(A2336,'Medical Examinations'!A:H,7,) -> 1 | I2336: =VLOOKUP(A2336,'Medical Examinations'!A:H,8,) -> No | J2336: =VLOOKUP('HEALTH CARE'!C2336,'Data Transformation'!BR:BS,2,) -> UNDER WEIGHT | K2336: =VLOOKUP(D2336,'Data Transformation'!BV:BW,2,) -> NORMAL | L2336: =VLOOKUP(A2336,'Hospitalisation Details'!A:J,10,) -> 9/Jul/1992 | M2336: =VLOOKUP(A2336,'Hospitalisation Details'!A:J,6,) -> 563.84 | N2336: =VLOOKUP(A2336,'Hospitalisation Details'!A:J,7,) -> tier - 2 | O2336: =VLOOKUP(A2336,'Hospitalisation Details'!A:J,8,) -> tier - 3 | P2336: =VLOOKUP(A2336,'Hospitalisation Details'!A:J,9,) -> R1013 | Q2336: =VLOOKUP(A2336,'Data Transformation'!DZ:EA,2,) -> 31

Sheet DASH BOARD
I1: Healthcare Data Analysis Dashboard
C5: Cancer History Distribution Among Smokers and Non-Smokers
C21: Sum of Number Of Major Surgeries | N21: Sum of charges by Weight Status and Diabetes
B42: AVG charges For Hospital tier by State ID | N42: Age and BMI | W42: AGE and HBA1C
G64: Age and Health Charge
